assigner_branch,assigner_candidate_gt_count,assigner_candidate_positive_count,assigner_conflict_anchor_count,assigner_conflict_metric,assigner_final_gt_count,assigner_final_positive_count,assigner_post_conflict_gt_count,assigner_post_conflict_positive_count,assigner_post_secondary_topk_gt_count,assigner_post_secondary_topk_positive_count,assignment_matched_iou_mean,assignment_matched_iou_p50,assignment_matched_iou_p90,assignment_overlap_rate,box_loss,cls_loss,dfl_loss,duplicate_positive_count,image,positive_count,unique_matched_gt_count
one2one,17,119,1,overlap,17,17,17,118,17,17,0.8217697231208577,0.8629835844039917,0.9764416575431824,0.0,1.1668787002563477,1.0730558633804321,0.008548303507268429,0,000000001000.jpg,17,17
one2one,2,14,0,overlap,2,2,2,14,2,2,0.9389704167842865,0.9389704167842865,0.9652106463909149,0.0,0.4500313103199005,1.2426687479019165,0.0028995261527597904,0,000000002261.jpg,2,2
one2one,9,60,0,overlap,9,9,9,60,9,9,0.9055494401190016,0.9348734617233276,0.9663076639175415,0.0,0.6811517477035522,1.5130836963653564,0.010803592391312122,0,000000002431.jpg,9,9
one2one,12,63,1,overlap,12,12,12,62,12,12,0.6739277876913548,0.7300061285495758,0.8666992545127868,0.0,2.0343074798583984,1.1253074407577515,0.0066149188205599785,0,000000007281.jpg,12,12
one2one,2,14,0,overlap,2,2,2,14,2,2,0.9407275915145874,0.9407275915145874,0.9772836923599243,0.0,0.4289783239364624,0.18371814489364624,0.00414655078202486,0,000000008532.jpg,2,2
one2one,10,70,0,overlap,10,10,10,70,10,10,0.8198864579200744,0.8756774663925171,0.9430359721183776,0.0,1.2326616048812866,1.2493226528167725,0.006519201211631298,0,000000009378.jpg,10,10
one2one,1,7,0,overlap,1,1,1,7,1,1,0.946504533290863,0.946504533290863,0.946504533290863,0.0,0.38006889820098877,0.2849227488040924,0.0024375244975090027,0,000000011122.jpg,1,1
one2one,10,69,1,overlap,10,10,10,68,10,10,0.7770005702972412,0.7517900764942169,0.9176859140396119,0.0,1.568276286125183,1.3084959983825684,0.011221426539123058,0,000000011511.jpg,10,10
one2one,28,192,0,overlap,28,28,28,192,28,28,0.7673900106123516,0.822933167219162,0.925739973783493,0.0,1.4429682493209839,2.0487289428710938,0.008966879919171333,0,000000012670.jpg,28,28
one2one,19,130,3,overlap,19,19,19,127,19,19,0.81935054063797,0.8707941174507141,0.9315350413322449,0.0,1.2339478731155396,2.1760895252227783,0.006218031980097294,0,000000013923.jpg,19,19
one2one,3,21,0,overlap,3,3,3,21,3,3,0.9168800512949625,0.9022979140281677,0.9625173449516297,0.0,0.6079179048538208,1.5614299774169922,0.0043712155893445015,0,000000015597.jpg,3,3
one2one,5,35,0,overlap,5,5,5,35,5,5,0.839102041721344,0.8831161260604858,0.9166506171226502,0.0,1.1544162034988403,2.4723639488220215,0.003365524811670184,0,000000016010.jpg,5,5
one2one,8,56,11,overlap,8,8,8,44,8,8,0.7344962432980537,0.736596554517746,0.8821270108222962,0.0,1.8224213123321533,2.1833155155181885,0.006625462789088488,0,000000017182.jpg,8,8
one2one,3,21,0,overlap,3,3,3,21,3,3,0.8681532740592957,0.9424278140068054,0.953059709072113,0.0,0.881647527217865,1.7010923624038696,0.008465515449643135,0,000000017905.jpg,3,3
one2one,7,49,0,overlap,7,7,7,49,7,7,0.8702839527811322,0.8690418004989624,0.9616504907608032,0.0,0.9388782978057861,1.0732358694076538,0.010187361389398575,0,000000018150.jpg,7,7
one2one,8,56,0,overlap,8,8,8,56,8,8,0.7717949748039246,0.8282132148742676,0.8826318800449371,0.0,1.5793579816818237,1.0908457040786743,0.013032661750912666,0,000000018837.jpg,8,8
one2one,2,14,0,overlap,2,2,2,14,2,2,0.9118818938732147,0.9118818938732147,0.9318263947963714,0.0,0.6597338318824768,0.25726065039634705,0.006340112071484327,0,000000020059.jpg,2,2
one2one,2,14,0,overlap,2,2,2,14,2,2,0.826421469449997,0.826421469449997,0.8898298680782318,0.0,1.2550711631774902,2.869946241378784,0.013853914104402065,0,000000021465.jpg,2,2
one2one,5,35,2,overlap,5,5,5,33,5,5,0.8752755165100098,0.8530771732330322,0.9587095022201538,0.0,0.8982619643211365,1.4090518951416016,0.006569758988916874,0,000000022705.jpg,5,5
one2one,4,22,2,overlap,4,4,4,20,4,4,0.5808071345090866,0.5736474841833115,0.8368597686290741,0.0,2.374544858932495,2.182086944580078,0.01123896799981594,0,000000022755.jpg,4,4
one2one,3,21,0,overlap,3,3,3,21,3,3,0.9759935140609741,0.9752032160758972,0.9808608412742614,0.0,0.18005478382110596,0.12312854826450348,0.0042876279912889,0,000000022935.jpg,3,3
one2one,1,7,0,overlap,1,1,1,7,1,1,0.8915579319000244,0.8915579319000244,0.8915579319000244,0.0,0.7253156900405884,0.23753798007965088,0.007078058086335659,0,000000023666.jpg,1,1
one2one,18,98,10,overlap,18,18,18,88,18,18,0.6835991231103739,0.7845077514648438,0.9482352793216705,0.0,1.655423641204834,1.291710615158081,0.0056635551154613495,0,000000024243.jpg,18,18
one2one,2,14,0,overlap,2,2,2,14,2,2,0.7943415641784668,0.7943415641784668,0.8440540790557861,0.0,1.542335867881775,1.448370337486267,0.053532879799604416,0,000000025139.jpg,2,2
one2one,3,21,0,overlap,3,3,3,21,3,3,0.9229912161827087,0.9025967717170715,0.960636579990387,0.0,0.5693717002868652,0.32574111223220825,0.004145472310483456,0,000000025424.jpg,3,3
one2one,13,86,0,overlap,13,13,13,86,13,13,0.7905890345573425,0.8469631671905518,0.9481851696968079,0.0,1.3295817375183105,1.182276964187622,0.005076699890196323,0,000000026204.jpg,13,13
one2one,2,14,0,overlap,2,2,2,14,2,2,0.9465824961662292,0.9465824961662292,0.9625927329063415,0.0,0.39811450242996216,0.28430476784706116,0.004744017496705055,0,000000027982.jpg,2,2
one2one,2,14,0,overlap,2,2,2,14,2,2,0.7886042296886444,0.7886042296886444,0.8833906590938568,0.0,1.4572572708129883,0.6707174181938171,0.009266851469874382,0,000000030494.jpg,2,2
one2one,1,7,0,overlap,1,1,1,7,1,1,0.9624327421188354,0.9624327421188354,0.9624327421188354,0.0,0.2713044583797455,0.12999865412712097,0.005332618951797485,0,000000030675.jpg,1,1
one2one,5,35,2,overlap,5,5,5,33,5,5,0.8643773436546326,0.8886263966560364,0.9638998746871948,0.0,0.9478244781494141,2.335334062576294,0.009408215060830116,0,000000031735.jpg,5,5
one2one,2,14,0,overlap,2,2,2,14,2,2,0.8633386194705963,0.8633386194705963,0.9353913605213166,0.0,0.9625983238220215,0.5351381301879883,0.004278022795915604,0,000000033005.jpg,2,2
one2one,2,14,0,overlap,2,2,2,14,2,2,0.9087099730968475,0.9087099730968475,0.9172071397304535,0.0,0.6871113777160645,1.3588157892227173,0.012133101001381874,0,000000034071.jpg,2,2
one2one,4,28,1,overlap,4,4,4,27,4,4,0.7188822627067566,0.7447870373725891,0.91989666223526,0.0,1.7121821641921997,0.7763884663581848,0.017899315804243088,0,000000034139.jpg,4,4
one2one,6,42,0,overlap,6,6,6,42,6,6,0.8108869592348734,0.8650791049003601,0.9440355896949768,0.0,1.2190964221954346,2.7632322311401367,0.010730302892625332,0,000000034257.jpg,6,6
one2one,22,143,5,overlap,22,22,22,138,22,22,0.6943955313075673,0.7271505296230316,0.9072316050529481,0.0,2.0043866634368896,2.145908832550049,0.01135218795388937,0,000000036936.jpg,22,22
one2one,15,103,12,overlap,14,14,14,82,14,14,0.7306577094963619,0.715305745601654,0.910370546579361,0.0,1.8841078281402588,2.088799476623535,0.0092680174857378,0,000000039477.jpg,14,14
one2one,6,42,3,overlap,6,6,6,39,6,6,0.9427187442779541,0.9565791189670563,0.9673088490962982,0.0,0.41811949014663696,1.0652083158493042,0.00797436572611332,0,000000039769.jpg,6,6
one2one,11,51,0,overlap,11,11,11,51,11,11,0.7862481041388079,0.7888182401657104,0.9535902738571167,0.0,1.499756932258606,0.822750449180603,0.003943886142224073,0,000000039914.jpg,11,11
one2one,3,21,0,overlap,3,3,3,21,3,3,0.8087989290555319,0.9046183824539185,0.9522156476974487,0.0,1.157450556755066,1.755573034286499,0.00976041704416275,0,000000040036.jpg,3,3
one2one,20,100,7,overlap,19,19,19,93,19,19,0.6851239251463037,0.7152625322341919,0.8588627099990844,0.0,2.153885841369629,2.2654590606689453,0.005934432148933411,0,000000040471.jpg,19,19
one2one,1,7,0,overlap,1,1,1,7,1,1,0.9431677460670471,0.9431677460670471,0.9431677460670471,0.0,0.4022168815135956,0.12456701695919037,0.009113971143960953,0,000000046804.jpg,1,1
one2one,6,42,0,overlap,6,6,6,42,6,6,0.8657289445400238,0.8946360945701599,0.9803662300109863,0.0,0.8875008821487427,1.595454216003418,0.007887751795351505,0,000000047740.jpg,6,6
one2one,7,35,0,overlap,7,7,7,35,7,7,0.6616411081382206,0.6904864311218262,0.9305711388587952,0.0,1.8447118997573853,2.1015350818634033,0.0066869985312223434,0,000000047801.jpg,7,7
one2one,1,7,0,overlap,1,1,1,7,1,1,0.9449119567871094,0.9449119567871094,0.9449119567871094,0.0,0.39152806997299194,0.3780730366706848,0.003091552760452032,0,000000049259.jpg,1,1
one2one,2,14,0,overlap,2,2,2,14,2,2,0.8909400701522827,0.8909400701522827,0.9493809461593627,0.0,0.7871005535125732,0.23034562170505524,0.020662182942032814,0,000000049269.jpg,2,2
one2one,3,21,0,overlap,3,3,3,21,3,3,0.9364053010940552,0.9576157331466675,0.9751299619674683,0.0,0.4612487256526947,1.7669343948364258,0.007517227437347174,0,000000050326.jpg,3,3
one2one,4,28,0,overlap,4,4,4,28,4,4,0.8426309376955032,0.8729893267154694,0.9234667420387268,0.0,1.1084537506103516,2.2083661556243896,0.018133241683244705,0,000000050331.jpg,4,4
one2one,16,67,0,overlap,16,16,16,67,16,16,0.6780722634866834,0.7182322144508362,0.878521740436554,0.0,2.0355570316314697,3.24150013923645,0.00313074910081923,0,000000052412.jpg,16,16
one2one,3,21,0,overlap,3,3,3,21,3,3,0.819021979967753,0.7982324361801147,0.8815319776535034,0.0,1.3381357192993164,1.8066074848175049,0.026181839406490326,0,000000053529.jpg,3,3
one2one,4,28,1,overlap,4,4,4,27,4,4,0.7455740123987198,0.8014591932296753,0.8401708781719208,0.0,1.7750743627548218,1.880993127822876,0.013814624398946762,0,000000053994.jpg,4,4
one2one,2,14,0,overlap,2,2,2,14,2,2,0.950393557548523,0.950393557548523,0.9525500059127807,0.0,0.3728935122489929,0.16591776907444,0.006136736832559109,0,000000054931.jpg,2,2
one2one,1,7,0,overlap,1,1,1,7,1,1,0.9832093119621277,0.9832093119621277,0.9832093119621277,0.0,0.12381656467914581,0.5716589689254761,0.0037663879338651896,0,000000056545.jpg,1,1
one2one,18,88,1,overlap,18,18,18,87,18,18,0.7179775138696035,0.7469596564769745,0.8601369380950927,0.0,1.9632484912872314,1.42765212059021,0.0022696570958942175,0,000000057760.jpg,18,18
one2one,19,129,1,overlap,19,19,19,128,19,19,0.8003608929483514,0.8099752068519592,0.9380095481872558,0.0,1.3534084558486938,1.775144338607788,0.009247186593711376,0,000000059044.jpg,19,19
one2one,13,58,4,overlap,13,13,13,54,13,13,0.4977744152912727,0.5271725654602051,0.6679137587547302,0.0,3.2111756801605225,2.062716245651245,0.0041070678271353245,0,000000060363.jpg,13,13
one2one,14,92,3,overlap,14,14,14,89,14,14,0.8500089262213025,0.8557272255420685,0.9379231631755829,0.0,1.0699135065078735,0.7597983479499817,0.004663998261094093,0,000000060886.jpg,14,14
one2one,17,108,0,overlap,17,17,17,108,17,17,0.7295596691615441,0.7210211753845215,0.9398195147514343,0.0,1.513710618019104,1.3676762580871582,0.008098948746919632,0,000000060932.jpg,17,17
one2one,9,58,0,overlap,9,9,9,58,9,9,0.7789382603433397,0.7954373955726624,0.9106745839118957,0.0,1.5231685638427734,2.6690101623535156,0.01407902967184782,0,000000061108.jpg,9,9
one2one,7,49,2,overlap,7,7,7,47,7,7,0.8861215199742999,0.9434025883674622,0.9660792350769043,0.0,0.7656964659690857,0.8964855074882507,0.011385411024093628,0,000000061171.jpg,7,7
one2one,7,49,6,overlap,7,7,7,43,7,7,0.7254415026732853,0.7150979042053223,0.9456789374351502,0.0,1.7282400131225586,1.7930556535720825,0.008180503733456135,0,000000063047.jpg,7,7
one2one,17,119,8,overlap,17,17,17,109,17,17,0.8467340434298796,0.8939192295074463,0.956067156791687,0.0,1.026015043258667,1.5714192390441895,0.014167388901114464,0,000000064084.jpg,17,17
one2one,1,7,0,overlap,1,1,1,7,1,1,0.9465150237083435,0.9465150237083435,0.9465150237083435,0.0,0.38143613934516907,0.26590603590011597,0.005648559425026178,0,000000064495.jpg,1,1
one2one,6,42,0,overlap,6,6,6,42,6,6,0.7325153251489004,0.7040033042430878,0.8672175109386444,0.0,1.9115554094314575,2.5993764400482178,0.027658196166157722,0,000000064868.jpg,6,6
one2one,17,91,0,overlap,17,17,17,91,17,17,0.6589808183557847,0.7275448441505432,0.9124686598777771,0.0,1.9419302940368652,1.9234248399734497,0.00354077760130167,0,000000065798.jpg,17,17
one2one,4,28,0,overlap,4,4,4,28,4,4,0.9223724007606506,0.9359402060508728,0.9577304303646088,0.0,0.571394681930542,0.7069348692893982,0.005238486919552088,0,000000066635.jpg,4,4
one2one,11,77,0,overlap,11,11,11,77,11,11,0.8997345458377491,0.9346315860748291,0.9764987826347351,0.0,0.7040286064147949,1.0477190017700195,0.007037603296339512,0,000000066771.jpg,11,11
one2one,1,7,0,overlap,1,1,1,7,1,1,0.9458977580070496,0.9458977580070496,0.9458977580070496,0.0,0.38398653268814087,0.7117500305175781,0.013700893148779869,0,000000066886.jpg,1,1
one2one,4,27,0,overlap,4,4,4,27,4,4,0.9468826502561569,0.9481804370880127,0.9741108179092407,0.0,0.3929523229598999,0.22445803880691528,0.0012497545685619116,0,000000067406.jpg,4,4
one2one,37,208,14,overlap,36,36,36,191,36,36,0.644511169857449,0.7172628343105316,0.9296245574951172,0.0,1.8160756826400757,2.266263246536255,0.005141718313097954,0,000000067616.jpg,36,36
one2one,4,28,0,overlap,4,4,4,28,4,4,0.9215016067028046,0.955231100320816,0.9649787247180939,0.0,0.5543948411941528,0.7918751835823059,0.004299589898437262,0,000000068078.jpg,4,4
one2one,2,14,0,overlap,2,2,2,14,2,2,0.969177782535553,0.969177782535553,0.9754517197608947,0.0,0.23083503544330597,0.21407420933246613,0.005298674572259188,0,000000068765.jpg,2,2
one2one,4,28,2,overlap,4,4,4,26,4,4,0.8650617450475693,0.8812226057052612,0.9697696805000305,0.0,0.9326180815696716,1.150410771369934,0.015618320554494858,0,000000069106.jpg,4,4
one2one,2,14,0,overlap,2,2,2,14,2,2,0.8821757137775421,0.8821757137775421,0.9238055765628814,0.0,0.8679196834564209,0.9999350309371948,0.015457148663699627,0,000000071756.jpg,2,2
one2one,4,28,0,overlap,4,4,4,28,4,4,0.7421615570783615,0.7523704171180725,0.8068363845348359,0.0,1.9204401969909668,0.8732244968414307,0.03332362696528435,0,000000073533.jpg,4,4
one2one,1,7,0,overlap,1,1,1,7,1,1,0.8669847846031189,0.8669847846031189,0.8669847846031189,0.0,0.8649641871452332,3.053662061691284,0.02772682160139084,0,000000075456.jpg,1,1
one2one,20,130,4,overlap,20,20,20,126,20,20,0.7739256247878075,0.7910614907741547,0.9366291999816895,0.0,1.4982695579528809,1.3207653760910034,0.006672177463769913,0,000000075612.jpg,20,20
one2one,2,14,0,overlap,2,2,2,14,2,2,0.8045839071273804,0.8045839071273804,0.8587726354598999,0.0,1.4334101676940918,1.5713497400283813,0.03810753673315048,0,000000079014.jpg,2,2
one2one,2,14,0,overlap,2,2,2,14,2,2,0.98736771941185,0.98736771941185,0.9887813746929168,0.0,0.09476333111524582,0.049575213342905045,0.002136506140232086,0,000000079031.jpg,2,2
one2one,6,39,0,overlap,6,6,6,39,6,6,0.7781509955724081,0.8013033270835876,0.8483538925647736,0.0,1.6026631593704224,1.0067613124847412,0.00309788528829813,0,000000079588.jpg,6,6
one2one,1,7,0,overlap,1,1,1,7,1,1,0.9171618223190308,0.9171618223190308,0.9171618223190308,0.0,0.5730848908424377,2.206178665161133,0.017801644280552864,0,000000080057.jpg,1,1
one2one,20,138,4,overlap,20,20,20,134,20,20,0.7834761545062066,0.8518722653388977,0.9445945203304291,0.0,1.4027022123336792,1.4931435585021973,0.00842969585210085,0,000000080340.jpg,20,20
one2one,5,35,0,overlap,5,5,5,35,5,5,0.8811155080795288,0.9358597993850708,0.9760164499282837,0.0,0.7412166595458984,0.9277079105377197,0.012837346643209457,0,000000081738.jpg,5,5
one2one,3,21,0,overlap,3,3,3,21,3,3,0.9462705055872599,0.9420299530029297,0.9522590637207031,0.0,0.40323910117149353,1.4341095685958862,0.007504112087190151,0,000000082180.jpg,3,3
one2one,4,28,0,overlap,4,4,4,28,4,4,0.9312842935323715,0.938319206237793,0.9571409940719604,0.0,0.5105655193328857,0.9270825386047363,0.00987794529646635,0,000000082807.jpg,4,4
one2one,7,49,0,overlap,7,7,7,49,7,7,0.8043210165841239,0.8568310737609863,0.9362766146659851,0.0,1.3349729776382446,2.0671606063842773,0.009044809266924858,0,000000084492.jpg,7,7
one2one,3,21,0,overlap,3,3,3,21,3,3,0.9321549733479818,0.9208587408065796,0.9677644014358521,0.0,0.5001415014266968,0.28490638732910156,0.010702697560191154,0,000000085195.jpg,3,3
one2one,6,37,4,overlap,6,6,6,33,6,6,0.9064913690090179,0.9460342824459076,0.9770123660564423,0.0,0.6465888023376465,2.209679126739502,0.002478900598362088,0,000000086220.jpg,6,6
one2one,5,35,2,overlap,5,5,5,33,5,5,0.6715669274330139,0.6855840086936951,0.8275232434272766,0.0,2.266897678375244,2.101773738861084,0.010549740865826607,0,000000086755.jpg,5,5
one2one,13,91,0,overlap,13,13,13,91,13,13,0.8581691796963031,0.8739336133003235,0.9521979570388794,0.0,1.013060450553894,1.386425256729126,0.008621573448181152,0,000000088040.jpg,13,13
one2one,16,83,6,overlap,16,16,16,77,16,16,0.7357377633452415,0.8308158814907074,0.9055838882923126,0.0,1.5546700954437256,1.4366823434829712,0.003089002799242735,0,000000088462.jpg,16,16
one2one,3,21,0,overlap,3,3,3,21,3,3,0.7823287546634674,0.9085366129875183,0.9609405875205994,0.0,1.1446253061294556,3.802891731262207,0.00662609189748764,0,000000089670.jpg,3,3
one2one,1,7,0,overlap,1,1,1,7,1,1,0.9610211253166199,0.9610211253166199,0.9610211253166199,0.0,0.2812983989715576,0.14400219917297363,0.006324398331344128,0,000000089761.jpg,1,1
one2one,2,14,0,overlap,2,2,2,14,2,2,0.9459968209266663,0.9459968209266663,0.9760682225227356,0.0,0.39440757036209106,0.13047192990779877,0.005386992357671261,0,000000090284.jpg,2,2
one2one,13,75,1,overlap,12,12,12,74,12,12,0.6860492353638014,0.746252179145813,0.9271393358707428,0.0,1.8199723958969116,1.863251805305481,0.007582067511975765,0,000000093437.jpg,12,12
one2one,9,63,0,overlap,9,9,9,63,9,9,0.857018788655599,0.9051446914672852,0.9695328593254089,0.0,0.955773115158081,1.6788816452026367,0.009256701916456223,0,000000095707.jpg,9,9
one2one,17,103,7,overlap,17,17,17,96,17,17,0.7200257050640443,0.8476985692977905,0.9214589118957519,0.0,1.4446741342544556,1.1944283246994019,0.005494491197168827,0,000000095862.jpg,17,17
one2one,6,42,0,overlap,6,6,6,42,6,6,0.8281058470408121,0.854194313287735,0.9093201756477356,0.0,1.2338223457336426,2.124210834503174,0.0062874904833734035,0,000000097022.jpg,6,6
one2one,5,35,0,overlap,5,5,5,35,5,5,0.7883642196655274,0.8159068822860718,0.8589196324348449,0.0,1.526568055152893,1.8563262224197388,0.011785047128796577,0,000000097679.jpg,5,5
one2one,3,21,0,overlap,3,3,3,21,3,3,0.9172837535540262,0.9493920803070068,0.9523791790008544,0.0,0.6070716977119446,1.690108299255371,0.008904940448701382,0,000000099024.jpg,3,3
one2one,13,89,5,overlap,13,13,13,84,13,13,0.7407060930362115,0.7688202261924744,0.9358948469161987,0.0,1.6547586917877197,2.7670600414276123,0.014754783362150192,0,000000099039.jpg,13,13
one2one,2,14,0,overlap,2,2,2,14,2,2,0.9649516940116882,0.9649516940116882,0.9703979849815368,0.0,0.2629421055316925,0.6455085873603821,0.00425501074641943,0,000000101068.jpg,2,2
one2one,2,14,0,overlap,2,2,2,14,2,2,0.9551227390766144,0.9551227390766144,0.959240299463272,0.0,0.33693453669548035,0.40083152055740356,0.006711639929562807,0,000000101420.jpg,2,2
one2one,10,70,0,overlap,10,10,10,70,10,10,0.7803156614303589,0.7469063997268677,0.9360121130943299,0.0,1.516770362854004,1.8994687795639038,0.008385689929127693,0,000000102805.jpg,10,10
one2one,3,21,0,overlap,3,3,3,21,3,3,0.7864430944124857,0.7679045796394348,0.9093629002571106,0.0,1.478425145149231,2.426703691482544,0.018112536519765854,0,000000104119.jpg,3,3
one2one,1,7,0,overlap,1,1,1,7,1,1,0.9580569267272949,0.9580569267272949,0.9580569267272949,0.0,0.3021581470966339,0.12746304273605347,0.006261629052460194,0,000000104198.jpg,1,1
one2one,2,14,0,overlap,2,2,2,14,2,2,0.8599277436733246,0.8599277436733246,0.9162916839122772,0.0,1.0082268714904785,0.7862997055053711,0.012077832594513893,0,000000106281.jpg,2,2
one2one,18,126,5,overlap,18,18,18,121,18,18,0.7581060230731964,0.7755861282348633,0.8990971744060516,0.0,1.6634654998779297,1.5098259449005127,0.014629770070314407,0,000000107226.jpg,18,18
one2one,3,21,0,overlap,3,3,3,21,3,3,0.8712809681892395,0.8467789888381958,0.9082384824752807,0.0,0.9583911895751953,2.235492467880249,0.013839898630976677,0,000000111609.jpg,3,3
one2one,4,28,0,overlap,4,4,4,28,4,4,0.7602097317576408,0.8770781457424164,0.9439064860343933,0.0,1.171157717704773,0.6892666816711426,0.006634889170527458,0,000000111951.jpg,4,4
one2one,17,79,3,overlap,17,17,17,76,17,17,0.7108825339990503,0.7201352119445801,0.9227825999259949,0.0,1.865465521812439,1.5214381217956543,0.003389013698324561,0,000000115946.jpg,17,17
one2one,4,28,0,overlap,4,4,4,28,4,4,0.9200350791215897,0.9143812358379364,0.9408492267131805,0.0,0.5981538891792297,0.4276524484157562,0.008631261065602303,0,000000116068.jpg,4,4
one2one,6,42,0,overlap,6,6,6,42,6,6,0.9021944801012675,0.9390358924865723,0.9633550941944122,0.0,0.692318856716156,0.5185707807540894,0.008104950189590454,0,000000119452.jpg,6,6
one2one,6,42,0,overlap,6,6,6,42,6,6,0.8934729993343353,0.8864931762218475,0.9820485413074493,0.0,0.7622736096382141,0.7029638886451721,0.00485074520111084,0,000000119995.jpg,6,6
one2one,1,7,0,overlap,1,1,1,7,1,1,0.9402416348457336,0.9402416348457336,0.9402416348457336,0.0,0.4233642816543579,0.5532801747322083,0.002509420970454812,0,000000120584.jpg,1,1
one2one,6,42,0,overlap,6,6,6,42,6,6,0.7310548722743988,0.7350165545940399,0.8675718009471893,0.0,1.9002677202224731,2.3688597679138184,0.026612771674990654,0,000000121497.jpg,6,6
one2one,16,111,4,overlap,16,16,16,107,16,16,0.7677199877798557,0.8185518383979797,0.966693103313446,0.0,1.459905982017517,1.0967564582824707,0.0050845760852098465,0,000000124798.jpg,16,16
one2one,15,98,11,overlap,15,15,15,87,15,15,0.7504651168982188,0.7825098037719727,0.9308548927307129,0.0,1.5741829872131348,2.4115116596221924,0.005169031210243702,0,000000125778.jpg,15,15
one2one,2,14,0,overlap,2,2,2,14,2,2,0.7372055649757385,0.7372055649757385,0.7593799710273743,0.0,1.98872971534729,2.1800317764282227,0.011043583042919636,0,000000130465.jpg,2,2
one2one,2,14,0,overlap,2,2,2,14,2,2,0.9576559066772461,0.9576559066772461,0.985319709777832,0.0,0.3085789382457733,0.15495583415031433,0.0051325284875929356,0,000000130586.jpg,2,2
one2one,2,14,0,overlap,2,2,2,14,2,2,0.8871476948261261,0.8871476948261261,0.9419475615024566,0.0,0.8085952401161194,0.276201456785202,0.016308806836605072,0,000000131444.jpg,2,2
one2one,7,46,2,overlap,7,7,7,44,7,7,0.8084723012787955,0.8333378434181213,0.9263176202774048,0.0,1.331266164779663,1.8146640062332153,0.006009824573993683,0,000000132375.jpg,7,7
one2one,10,62,0,overlap,10,10,10,62,10,10,0.8490345776081085,0.8979566991329193,0.9679646551609039,0.0,0.9653611183166504,1.7080557346343994,0.004322004038840532,0,000000132587.jpg,10,10
one2one,13,87,1,overlap,13,13,13,86,13,13,0.5870296152738425,0.582297682762146,0.7057456493377686,0.0,3.0403354167938232,2.9328091144561768,0.010786550119519234,0,000000133233.jpg,13,13
one2one,2,14,0,overlap,2,2,2,14,2,2,0.9123755693435669,0.9123755693435669,0.9410287618637085,0.0,0.6524913907051086,0.5925616025924683,0.013864565640687943,0,000000133418.jpg,2,2
one2one,1,7,0,overlap,1,1,1,7,1,1,0.9478725790977478,0.9478725790977478,0.9478725790977478,0.0,0.3711278736591339,0.11207016557455063,0.011662134900689125,0,000000133631.jpg,1,1
one2one,2,14,0,overlap,2,2,2,14,2,2,0.93675097823143,0.93675097823143,0.9576582133769989,0.0,0.47199344635009766,1.1521018743515015,0.0165104903280735,0,000000137106.jpg,2,2
one2one,3,21,0,overlap,3,3,3,21,3,3,0.9018320242563883,0.9083426594734192,0.9511384129524231,0.0,0.7180026173591614,1.07735013961792,0.012606401927769184,0,000000137294.jpg,3,3
one2one,9,63,4,overlap,9,9,9,59,9,9,0.8030153115590414,0.8261557221412659,0.9222489356994629,0.0,1.3501752614974976,1.9842865467071533,0.012157164514064789,0,000000137576.jpg,9,9
one2one,8,56,1,overlap,8,8,8,55,8,8,0.7591948509216309,0.7686907947063446,0.9334275960922241,0.0,1.6289916038513184,2.074352502822876,0.011922342702746391,0,000000140203.jpg,8,8
one2one,5,35,0,overlap,5,5,5,35,5,5,0.9407328963279724,0.9462383389472961,0.9629566550254822,0.0,0.44118380546569824,1.2668544054031372,0.0057669756934046745,0,000000141821.jpg,5,5
one2one,4,28,1,overlap,4,4,4,27,4,4,0.8662069290876389,0.8751190900802612,0.9041116893291473,0.0,0.9981532096862793,1.9069042205810547,0.010974896140396595,0,000000142790.jpg,4,4
one2one,2,14,0,overlap,2,2,2,14,2,2,0.841947466135025,0.841947466135025,0.9007563412189483,0.0,1.1447166204452515,0.756259560585022,0.008343387395143509,0,000000144114.jpg,2,2
one2one,7,49,5,overlap,7,7,7,44,7,7,0.7493986061641148,0.7429913282394409,0.871167254447937,0.0,1.7961865663528442,1.7799315452575684,0.005574092268943787,0,000000144706.jpg,7,7
one2one,11,76,1,overlap,11,11,11,75,11,11,0.7954553365707397,0.7938803434371948,0.9677586555480957,0.0,1.3533198833465576,2.1306889057159424,0.008487274870276451,0,000000146358.jpg,11,11
one2one,13,85,0,overlap,13,13,13,85,13,13,0.863931573354281,0.8858152627944946,0.9656765937805176,0.0,0.9360636472702026,1.2310302257537842,0.00595128396525979,0,000000146457.jpg,13,13
one2one,2,14,0,overlap,2,2,2,14,2,2,0.9696406424045563,0.9696406424045563,0.9712705910205841,0.0,0.22789332270622253,0.9005385637283325,0.004938090220093727,0,000000147205.jpg,2,2
one2one,2,14,0,overlap,2,2,2,14,2,2,0.7396538555622101,0.7396538555622101,0.8930909693241119,0.0,1.6123665571212769,0.4385010898113251,0.007045452482998371,0,000000148739.jpg,2,2
one2one,6,42,0,overlap,6,6,6,42,6,6,0.9624591767787933,0.9656232297420502,0.9809583127498627,0.0,0.2797622084617615,0.10710624605417252,0.0042122104205191135,0,000000148957.jpg,6,6
one2one,9,62,0,overlap,9,9,9,62,9,9,0.8674163156085544,0.8824487924575806,0.9597378969192505,0.0,0.9152837991714478,2.5893537998199463,0.0038630005437880754,0,000000149222.jpg,9,9
one2one,14,98,8,overlap,14,14,14,90,14,14,0.8620119563170842,0.8861696422100067,0.9154106140136719,0.0,1.004045844078064,1.5121744871139526,0.006879992783069611,0,000000150224.jpg,14,14
one2one,1,7,0,overlap,1,1,1,7,1,1,0.6692174077033997,0.6692174077033997,0.6692174077033997,0.0,1.7045066356658936,0.9681040048599243,0.028632253408432007,0,000000150930.jpg,1,1
one2one,1,7,0,overlap,1,1,1,7,1,1,0.9438924193382263,0.9438924193382263,0.9438924193382263,0.0,0.3976845145225525,0.5196402072906494,0.003160476218909025,0,000000151516.jpg,1,1
one2one,25,171,5,overlap,25,25,25,166,25,25,0.7592540633678436,0.7981013655662537,0.9077107667922973,0.0,1.558518409729004,1.6062487363815308,0.009095977991819382,0,000000153011.jpg,25,25
one2one,6,42,0,overlap,6,6,6,42,6,6,0.7533234357833862,0.7703153789043427,0.8456163108348846,0.0,1.8075255155563354,2.2467687129974365,0.013763045892119408,0,000000153510.jpg,6,6
one2one,4,28,0,overlap,4,4,4,28,4,4,0.9053292125463486,0.9679511785507202,0.9770401537418365,0.0,0.6015534996986389,0.6063641905784607,0.005477463826537132,0,000000153632.jpg,4,4
one2one,2,13,0,overlap,2,2,2,13,2,2,0.6288799345493317,0.6288799345493317,0.8472782433032989,0.0,1.8949670791625977,1.0849316120147705,0.007186626084148884,0,000000153782.jpg,2,2
one2one,9,58,0,overlap,9,9,9,58,9,9,0.8309841553370158,0.8741936087608337,0.9703755021095276,0.0,1.1354894638061523,1.095052719116211,0.0037897806614637375,0,000000155341.jpg,9,9
one2one,16,112,0,overlap,16,16,16,112,16,16,0.7559649460017681,0.7634487152099609,0.9057603180408478,0.0,1.6770939826965332,1.5756083726882935,0.009672519750893116,0,000000156071.jpg,16,16
one2one,28,162,13,overlap,28,28,28,146,28,28,0.5185996075826032,0.5039803087711334,0.8816274106502533,0.0,2.2855911254882812,2.8611223697662354,0.006671960465610027,0,000000156278.jpg,28,28
one2one,8,56,0,overlap,8,8,8,56,8,8,0.8603280484676361,0.9141700863838196,0.9526248455047608,0.0,0.930732786655426,0.6495251655578613,0.006329850293695927,0,000000156292.jpg,8,8
one2one,1,7,0,overlap,1,1,1,7,1,1,0.8483964204788208,0.8483964204788208,0.8483964204788208,0.0,0.9752056002616882,1.1764423847198486,0.02348129265010357,0,000000157124.jpg,1,1
one2one,9,61,0,overlap,9,9,9,61,9,9,0.8124393224716187,0.8470584154129028,0.9348828196525574,0.0,1.2647027969360352,1.4135903120040894,0.007097040303051472,0,000000157365.jpg,9,9
one2one,3,21,0,overlap,3,3,3,21,3,3,0.9433509906133016,0.9385479092597961,0.9565276741981507,0.0,0.4245108962059021,0.5125598907470703,0.006007937714457512,0,000000157807.jpg,3,3
one2one,1,7,0,overlap,1,1,1,7,1,1,0.969046950340271,0.969046950340271,0.969046950340271,0.0,0.22519199550151825,0.5398269295692444,0.0053841848857700825,0,000000160666.jpg,1,1
one2one,11,26,0,overlap,11,11,11,26,11,11,0.5739898708733645,0.5510760545730591,0.668756365776062,0.0,3.046372413635254,1.7534269094467163,0.004703182261437178,0,000000160772.jpg,11,11
one2one,8,45,0,overlap,8,8,8,45,8,8,0.5698952414095402,0.5190209150314331,0.841634726524353,0.0,2.5695881843566895,1.3443104028701782,0.01002768985927105,0,000000161799.jpg,8,8
one2one,2,14,0,overlap,2,2,2,14,2,2,0.8258956372737885,0.8258956372737885,0.9420207679271698,0.0,1.120062232017517,0.6333425641059875,0.01175897940993309,0,000000161879.jpg,2,2
one2one,3,21,0,overlap,3,3,3,21,3,3,0.9215981562932333,0.9437341094017029,0.9442463755607605,0.0,0.5812249779701233,0.821774959564209,0.007281472906470299,0,000000161925.jpg,3,3
one2one,6,42,1,overlap,6,6,6,41,6,6,0.9105148712793986,0.9300905466079712,0.9771997332572937,0.0,0.6381069421768188,0.3493094742298126,0.007127153687179089,0,000000162732.jpg,6,6
one2one,16,108,0,overlap,16,16,16,108,16,16,0.8436614312231541,0.837096780538559,0.9379021525382996,0.0,1.1259338855743408,0.6193568706512451,0.0032722887117415667,0,000000166287.jpg,16,16
one2one,27,151,15,overlap,27,27,27,136,27,27,0.8012428085009257,0.8236597180366516,0.9112910270690918,0.0,1.332741141319275,1.2072696685791016,0.002295877318829298,0,000000166391.jpg,27,27
one2one,3,21,0,overlap,3,3,3,21,3,3,0.8978837331136068,0.9425398707389832,0.9515411734580994,0.0,0.7258003354072571,0.2890850305557251,0.004908009897917509,0,000000167898.jpg,3,3
one2one,3,21,0,overlap,3,3,3,21,3,3,0.8906869490941366,0.9253661632537842,0.970161771774292,0.0,0.7532849311828613,1.5369019508361816,0.011575037613511086,0,000000168974.jpg,3,3
one2one,2,14,0,overlap,2,2,2,14,2,2,0.8448424339294434,0.8448424339294434,0.9544598579406738,0.0,0.9996579885482788,0.5621680617332458,0.004235810600221157,0,000000170955.jpg,2,2
one2one,3,21,0,overlap,3,3,3,21,3,3,0.9237796862920126,0.9504745006561279,0.9545869827270508,0.0,0.56072598695755,0.24871695041656494,0.013070234097540379,0,000000171298.jpg,3,3
one2one,3,21,0,overlap,3,3,3,21,3,3,0.9108871221542358,0.8858903050422668,0.9468639492988586,0.0,0.6609933972358704,1.4376529455184937,0.003890193533152342,0,000000171740.jpg,3,3
one2one,4,28,0,overlap,4,4,4,28,4,4,0.835034191608429,0.8785095810890198,0.919057446718216,0.0,1.1420081853866577,0.7617422342300415,0.008914770558476448,0,000000172648.jpg,4,4
one2one,1,7,0,overlap,1,1,1,7,1,1,0.9466841220855713,0.9466841220855713,0.9466841220855713,0.0,0.3786691427230835,0.1560225784778595,0.0052774520590901375,0,000000172856.jpg,1,1
one2one,5,35,0,overlap,5,5,5,35,5,5,0.7775908708572388,0.7299627065658569,0.9047375798225403,0.0,1.589080572128296,3.289599657058716,0.012900324538350105,0,000000172935.jpg,5,5
one2one,10,70,0,overlap,10,10,10,70,10,10,0.9275897800922394,0.9364439249038696,0.9690425097942352,0.0,0.5277731418609619,0.5798490047454834,0.007123000919818878,0,000000173371.jpg,10,10
one2one,6,42,1,overlap,6,6,6,41,6,6,0.9252483149369558,0.925154447555542,0.9519526362419128,0.0,0.5580835342407227,1.0963459014892578,0.010890531353652477,0,000000174123.jpg,6,6
one2one,2,14,0,overlap,2,2,2,14,2,2,0.9320065081119537,0.9320065081119537,0.933227950334549,0.0,0.5107009410858154,1.2578943967819214,0.006489410065114498,0,000000175443.jpg,2,2
one2one,15,90,10,overlap,15,15,15,78,15,15,0.5933996756871541,0.5919141173362732,0.892922043800354,0.0,2.3512470722198486,2.0732927322387695,0.0056472704745829105,0,000000176037.jpg,15,15
one2one,4,23,0,overlap,4,4,4,23,4,4,0.7008390463888645,0.8091691732406616,0.9471530377864837,0.0,1.2063426971435547,1.4122464656829834,0.01359604299068451,0,000000176606.jpg,4,4
one2one,1,7,0,overlap,1,1,1,7,1,1,0.8176671862602234,0.8176671862602234,0.8176671862602234,0.0,1.1392691135406494,0.7053823471069336,0.05357131361961365,0,000000176634.jpg,1,1
one2one,1,7,0,overlap,1,1,1,7,1,1,0.911517322063446,0.911517322063446,0.911517322063446,0.0,0.610041081905365,0.2510451674461365,0.024965301156044006,0,000000180188.jpg,1,1
one2one,14,98,4,overlap,14,14,14,94,14,14,0.8513319577489581,0.8568622171878815,0.9474988758563996,0.0,1.068924903869629,1.436407446861267,0.0070277368649840355,0,000000183049.jpg,14,14
one2one,2,14,0,overlap,2,2,2,14,2,2,0.9000820219516754,0.9000820219516754,0.9420325100421906,0.0,0.727414071559906,1.4727625846862793,0.004186850506812334,0,000000184978.jpg,2,2
one2one,6,42,5,overlap,6,6,6,37,6,6,0.9342368145783743,0.9619185924530029,0.9805606603622437,0.0,0.46903955936431885,1.3060320615768433,0.010113896802067757,0,000000185599.jpg,6,6
one2one,8,42,1,overlap,8,8,8,41,8,8,0.8016289062798023,0.8735755383968353,0.9468965888023376,0.0,1.2447758913040161,1.7352887392044067,0.0026596433017402887,0,000000186345.jpg,8,8
one2one,7,49,0,overlap,7,7,7,49,7,7,0.7929064631462097,0.8543480634689331,0.8899343490600586,0.0,1.3981144428253174,3.026538610458374,0.005401176400482655,0,000000186632.jpg,7,7
one2one,6,42,1,overlap,6,6,6,41,6,6,0.89093945423762,0.8934632837772369,0.9483896195888519,0.0,0.8005870580673218,1.3968071937561035,0.012406434863805771,0,000000187055.jpg,6,6
one2one,1,7,0,overlap,1,1,1,7,1,1,0.9538235068321228,0.9538235068321228,0.9538235068321228,0.0,0.3303532004356384,0.09743388742208481,0.00226992298848927,0,000000187745.jpg,1,1
one2one,2,14,0,overlap,2,2,2,14,2,2,0.9166636765003204,0.9166636765003204,0.9391925394535064,0.0,0.6203739047050476,0.23807859420776367,0.005523080937564373,0,000000187990.jpg,2,2
one2one,2,14,0,overlap,2,2,2,14,2,2,0.8814435601234436,0.8814435601234436,0.9406520009040833,0.0,0.8502699136734009,0.6821132302284241,0.008869333192706108,0,000000188592.jpg,2,2
one2one,1,7,0,overlap,1,1,1,7,1,1,0.9837085008621216,0.9837085008621216,0.9837085008621216,0.0,0.12024708837270737,5.749936103820801,0.0050461385399103165,0,000000188906.jpg,1,1
one2one,2,14,0,overlap,2,2,2,14,2,2,0.8895650207996368,0.8895650207996368,0.9380241453647613,0.0,0.8043203353881836,0.5299142599105835,0.02092595212161541,0,000000191288.jpg,2,2
one2one,4,28,0,overlap,4,4,4,28,4,4,0.9104149490594864,0.927986741065979,0.9627087354660034,0.0,0.6487247347831726,0.9031696319580078,0.0038086543790996075,0,000000192716.jpg,4,4
one2one,5,35,0,overlap,5,5,5,35,5,5,0.8652984738349915,0.8599787950515747,0.9649623394012451,0.0,0.9426419138908386,0.6817129850387573,0.005742405075579882,0,000000193743.jpg,5,5
one2one,9,58,0,overlap,9,9,9,58,9,9,0.8307627903090583,0.896706223487854,0.9790647387504577,0.0,1.0319218635559082,1.0570058822631836,0.005449214018881321,0,000000195842.jpg,9,9
one2one,6,42,0,overlap,6,6,6,42,6,6,0.9325614074865977,0.9453664422035217,0.9677017629146576,0.0,0.4944300949573517,0.4794933497905731,0.0031589639838784933,0,000000195918.jpg,6,6
one2one,2,14,0,overlap,2,2,2,14,2,2,0.9512359201908112,0.9512359201908112,0.9513488590717316,0.0,0.3663656413555145,0.15067827701568604,0.008215942420065403,0,000000197022.jpg,2,2
one2one,9,63,0,overlap,9,9,9,63,9,9,0.7875916030671861,0.826686441898346,0.9468743085861206,0.0,1.2829947471618652,0.9736949801445007,0.018073659390211105,0,000000197388.jpg,9,9
one2one,1,7,0,overlap,1,1,1,7,1,1,0.9392945766448975,0.9392945766448975,0.9392945766448975,0.0,0.42829692363739014,1.0138866901397705,0.012042474001646042,0,000000197528.jpg,1,1
one2one,4,28,0,overlap,4,4,4,28,4,4,0.9353503435850143,0.9354620277881622,0.965186208486557,0.0,0.4800230860710144,0.4090655744075775,0.0060369111597537994,0,000000198489.jpg,4,4
one2one,13,56,4,overlap,13,13,13,51,13,13,0.6273419243785051,0.6545960307121277,0.8467167973518372,0.0,2.2491424083709717,1.0095746517181396,0.0025234511122107506,0,000000199395.jpg,13,13
one2one,2,14,0,overlap,2,2,2,14,2,2,0.9538297057151794,0.9538297057151794,0.9645773291587829,0.0,0.345133900642395,0.29360470175743103,0.006073408760130405,0,000000199551.jpg,2,2
one2one,1,7,0,overlap,1,1,1,7,1,1,0.8930648565292358,0.8930648565292358,0.8930648565292358,0.0,0.716355562210083,0.17675575613975525,0.008768530562520027,0,000000199977.jpg,1,1
one2one,9,63,5,overlap,9,9,9,58,9,9,0.8833668298191495,0.8897056579589844,0.9610084295272827,0.0,0.8476477265357971,1.0180104970932007,0.008482726290822029,0,000000201426.jpg,9,9
one2one,19,123,2,overlap,18,18,18,121,18,18,0.7426047060224745,0.7936109602451324,0.9036783695220947,0.0,1.7057271003723145,1.9766594171524048,0.012256714515388012,0,000000204186.jpg,18,18
one2one,2,14,0,overlap,2,2,2,14,2,2,0.9113643765449524,0.9113643765449524,0.9178145527839661,0.0,0.6682112216949463,0.38740482926368713,0.013960771262645721,0,000000206411.jpg,2,2
one2one,2,14,0,overlap,2,2,2,14,2,2,0.8727968037128448,0.8727968037128448,0.9459866106510162,0.0,0.890246570110321,0.8030428290367126,0.005309129599481821,0,000000206994.jpg,2,2
one2one,13,91,0,overlap,13,13,13,91,13,13,0.7487855874575101,0.7660208940505981,0.9059745669364929,0.0,1.6487722396850586,1.9542686939239502,0.019131939858198166,0,000000209142.jpg,13,13
one2one,5,33,0,overlap,5,5,5,33,5,5,0.7930508136749268,0.7621164321899414,0.8843576192855835,0.0,1.5096714496612549,1.134342908859253,0.0040883272886276245,0,000000210855.jpg,5,5
one2one,16,99,4,overlap,16,16,16,95,16,16,0.6856568530201912,0.6829546988010406,0.8834209144115448,0.0,2.0556466579437256,1.8892230987548828,0.006059512495994568,0,000000211674.jpg,16,16
one2one,14,95,4,overlap,14,14,14,91,14,14,0.7718529658658164,0.7503525912761688,0.9357598900794983,0.0,1.5522685050964355,1.5538016557693481,0.008707795292139053,0,000000213445.jpg,14,14
one2one,1,7,0,overlap,1,1,1,7,1,1,0.9807664752006531,0.9807664752006531,0.9807664752006531,0.0,0.1415010541677475,0.7405702471733093,0.0053641460835933685,0,000000213816.jpg,1,1
one2one,9,62,12,overlap,9,9,9,45,9,9,0.6610514422257742,0.6191410422325134,0.9053013801574707,0.0,2.036957263946533,3.73926043510437,0.0082518570125103,0,000000215644.jpg,9,9
one2one,4,28,4,overlap,4,4,4,24,4,4,0.7872388958930969,0.8182962238788605,0.9404819369316101,0.0,1.3487157821655273,2.0996718406677246,0.004787985235452652,0,000000216739.jpg,4,4
one2one,13,85,3,overlap,13,13,13,82,13,13,0.7229065299034119,0.8028662800788879,0.9364102244377137,0.0,1.6533088684082031,2.255096912384033,0.010648784227669239,0,000000218439.jpg,13,13
one2one,3,21,0,overlap,3,3,3,21,3,3,0.9278328021367391,0.9283502101898193,0.9401342391967773,0.0,0.5416274070739746,0.8257567286491394,0.009914079681038857,0,000000221281.jpg,3,3
one2one,9,63,0,overlap,9,9,9,63,9,9,0.7641724215613471,0.7466464042663574,0.9716972231864929,0.0,1.304175853729248,1.3708213567733765,0.007185857743024826,0,000000221708.jpg,9,9
one2one,15,87,11,overlap,15,15,15,76,15,15,0.6973847627639771,0.7494946122169495,0.8960008978843689,0.0,2.0201282501220703,1.5535699129104614,0.0038852919824421406,0,000000221754.jpg,15,15
one2one,7,49,0,overlap,7,7,7,49,7,7,0.7985090443066188,0.756852388381958,0.9102336645126343,0.0,1.4455288648605347,0.9767472147941589,0.013206440955400467,0,000000223738.jpg,7,7
one2one,9,63,0,overlap,9,9,9,63,9,9,0.883998453617096,0.9192757606506348,0.9538060426712036,0.0,0.7979148030281067,1.2555575370788574,0.006066335365176201,0,000000225757.jpg,9,9
one2one,2,14,0,overlap,2,2,2,14,2,2,0.8918205797672272,0.8918205797672272,0.9465753376483917,0.0,0.7763673067092896,0.8592349290847778,0.004184206016361713,0,000000225946.jpg,2,2
one2one,2,14,0,overlap,2,2,2,14,2,2,0.8955847918987274,0.8955847918987274,0.9463673055171966,0.0,0.7614680528640747,0.279315322637558,0.020338064059615135,0,000000227482.jpg,2,2
one2one,8,54,0,overlap,8,8,8,54,8,8,0.844480000436306,0.8594722747802734,0.927020525932312,0.0,1.1045044660568237,1.1148386001586914,0.005657810717821121,0,000000227898.jpg,8,8
one2one,2,14,0,overlap,2,2,2,14,2,2,0.8938254415988922,0.8938254415988922,0.9465388119220733,0.0,0.7607104778289795,0.3788720369338989,0.011695598252117634,0,000000228981.jpg,2,2
one2one,2,14,0,overlap,2,2,2,14,2,2,0.9003859460353851,0.9003859460353851,0.9280350387096405,0.0,0.7412800788879395,0.6298951506614685,0.009164365008473396,0,000000229221.jpg,2,2
one2one,11,77,4,overlap,11,11,11,73,11,11,0.8676796880635348,0.8969285488128662,0.9346843957901001,0.0,0.9577043056488037,1.2665995359420776,0.009911642409861088,0,000000231097.jpg,11,11
one2one,1,7,0,overlap,1,1,1,7,1,1,0.8317909836769104,0.8317909836769104,0.8317909836769104,0.0,1.0495017766952515,0.6106104254722595,0.02729111909866333,0,000000231169.jpg,1,1
one2one,1,7,0,overlap,1,1,1,7,1,1,0.9624918699264526,0.9624918699264526,0.9624918699264526,0.0,0.27138882875442505,1.7483673095703125,0.01290584821254015,0,000000232489.jpg,1,1
one2one,2,14,0,overlap,2,2,2,14,2,2,0.8017191588878632,0.8017191588878632,0.9134858548641205,0.0,1.308284044265747,0.5654802322387695,0.03944157809019089,0,000000232684.jpg,2,2
one2one,17,119,1,overlap,17,17,17,118,17,17,0.817952762631809,0.8427355289459229,0.9109018683433533,0.0,1.2966647148132324,1.2725943326950073,0.011495767161250114,0,000000233771.jpg,17,17
one2one,2,14,0,overlap,2,2,2,14,2,2,0.9375829696655273,0.9375829696655273,0.9411475181579589,0.0,0.46863311529159546,0.7818349003791809,0.015294313430786133,0,000000234660.jpg,2,2
one2one,2,14,0,overlap,2,2,2,14,2,2,0.9598389565944672,0.9598389565944672,0.9677471816539764,0.0,0.3009833097457886,0.9149522185325623,0.009029077365994453,0,000000236592.jpg,2,2
one2one,4,28,0,overlap,4,4,4,28,4,4,0.8856534510850906,0.890514075756073,0.9254153966903687,0.0,0.8519447445869446,0.8802133202552795,0.011212540790438652,0,000000237928.jpg,4,4
one2one,14,85,7,overlap,14,14,14,78,14,14,0.7159042113593647,0.7686230838298798,0.9045880317687989,0.0,1.6536128520965576,1.3893685340881348,0.004762790631502867,0,000000239274.jpg,14,14
one2one,1,7,0,overlap,1,1,1,7,1,1,0.9413641691207886,0.9413641691207886,0.9413641691207886,0.0,0.41459766030311584,0.1757277250289917,0.009317317977547646,0,000000241297.jpg,1,1
one2one,1,7,0,overlap,1,1,1,7,1,1,0.9703145027160645,0.9703145027160645,0.9703145027160645,0.0,0.2164033055305481,0.24274493753910065,0.005310728680342436,0,000000243495.jpg,1,1
one2one,10,51,0,overlap,10,10,10,51,10,10,0.7628734350204468,0.7860393226146698,0.9651835680007934,0.0,1.477255940437317,0.9067748785018921,0.0022952842991799116,0,000000244411.jpg,10,10
one2one,1,7,0,overlap,1,1,1,7,1,1,0.9638643860816956,0.9638643860816956,0.9638643860816956,0.0,0.26122745871543884,0.8011891841888428,0.009300312027335167,0,000000245651.jpg,1,1
one2one,22,147,13,overlap,22,22,22,133,22,22,0.7110798338597472,0.7173399329185486,0.8809558808803558,0.0,1.8691879510879517,2.4154841899871826,0.006954041309654713,0,000000246968.jpg,22,22
one2one,4,28,0,overlap,4,4,4,28,4,4,0.9195458590984344,0.911894828081131,0.9698194980621339,0.0,0.5856972336769104,0.7015416026115417,0.007030273787677288,0,000000248400.jpg,4,4
one2one,17,110,3,overlap,17,17,17,107,17,17,0.7207923303632175,0.7930286526679993,0.9185882449150086,0.0,1.562986969947815,1.524269461631775,0.012317264452576637,0,000000249129.jpg,17,17
one2one,5,35,3,overlap,5,5,5,32,5,5,0.8682745695114136,0.8738590478897095,0.901774001121521,0.0,0.9857919216156006,1.8269984722137451,0.028864195570349693,0,000000250766.jpg,5,5
one2one,5,35,0,overlap,5,5,5,35,5,5,0.8753278017044067,0.8952926397323608,0.910972285270691,0.0,0.9173070192337036,1.596138596534729,0.012834959663450718,0,000000251140.jpg,5,5
one2one,1,7,0,overlap,1,1,1,7,1,1,0.9792929291725159,0.9792929291725159,0.9792929291725159,0.0,0.15227998793125153,0.058743610978126526,0.005457782652229071,0,000000252332.jpg,1,1
one2one,3,21,0,overlap,3,3,3,21,3,3,0.8753286600112915,0.845072329044342,0.9374230980873108,0.0,0.9154478907585144,1.402783989906311,0.02190367318689823,0,000000253386.jpg,3,3
one2one,28,195,5,overlap,28,28,28,190,28,28,0.8081862553954124,0.8481484353542328,0.952946138381958,0.0,1.1831035614013672,1.449688196182251,0.006966309621930122,0,000000253742.jpg,28,28
one2one,8,56,5,overlap,8,8,8,51,8,8,0.8074398338794708,0.836556077003479,0.953657042980194,0.0,1.2385996580123901,1.4502750635147095,0.00797811709344387,0,000000255536.jpg,8,8
one2one,13,91,0,overlap,13,13,13,91,13,13,0.7078287991193625,0.6695421934127808,0.9143790721893311,0.0,1.9690170288085938,2.1538097858428955,0.009294265881180763,0,000000256407.jpg,13,13
one2one,1,7,0,overlap,1,1,1,7,1,1,0.7424367070198059,0.7424367070198059,0.7424367070198059,0.0,1.4623647928237915,0.5049956440925598,0.02576925978064537,0,000000259625.jpg,1,1
one2one,8,52,0,overlap,8,8,8,52,8,8,0.7584012821316719,0.7964155673980713,0.8952303886413574,0.0,1.4447671175003052,1.1360515356063843,0.0050606271252036095,0,000000260266.jpg,8,8
one2one,3,21,0,overlap,3,3,3,21,3,3,0.7931937972704569,0.794552743434906,0.8054408431053162,0.0,1.5762944221496582,1.3412257432937622,0.005244596861302853,0,000000262440.jpg,3,3
one2one,13,69,0,overlap,13,13,13,69,13,13,0.7144655837462499,0.7267619371414185,0.9079227924346924,0.0,1.8983702659606934,3.1955385208129883,0.007042833603918552,0,000000262631.jpg,13,13
one2one,2,14,0,overlap,2,2,2,14,2,2,0.9478779733181,0.9478779733181,0.9607117831707,0.0,0.38919341564178467,0.43682876229286194,0.0019997116178274155,0,000000263403.jpg,2,2
one2one,7,33,0,overlap,7,7,7,33,7,7,0.6778341446604047,0.6837255954742432,0.9491083145141601,0.0,1.7632296085357666,1.6947264671325684,0.006476517766714096,0,000000263679.jpg,7,7
one2one,1,7,0,overlap,1,1,1,7,1,1,0.9203287959098816,0.9203287959098816,0.9203287959098816,0.0,0.5518447756767273,0.3451160192489624,0.008005945943295956,0,000000263796.jpg,1,1
one2one,11,77,0,overlap,11,11,11,77,11,11,0.8289675170725043,0.8317998051643372,0.9341238737106323,0.0,1.2392096519470215,2.800603151321411,0.004321487620472908,0,000000267933.jpg,11,11
one2one,2,14,0,overlap,2,2,2,14,2,2,0.6177082359790802,0.6177082359790802,0.6755302011966705,0.0,2.9263551235198975,4.6760759353637695,0.03996862843632698,0,000000269314.jpg,2,2
one2one,5,35,0,overlap,5,5,5,35,5,5,0.920482587814331,0.9542025327682495,0.9791875362396241,0.0,0.5467721223831177,0.28868499398231506,0.005647682584822178,0,000000269316.jpg,5,5
one2one,2,14,0,overlap,2,2,2,14,2,2,0.9626386761665344,0.9626386761665344,0.9724418759346009,0.0,0.2799994647502899,0.4675339460372925,0.011051620356738567,0,000000273642.jpg,2,2
one2one,2,14,0,overlap,2,2,2,14,2,2,0.9421140253543854,0.9421140253543854,0.9675509750843048,0.0,0.4272327721118927,0.5381674766540527,0.005704146809875965,0,000000274219.jpg,2,2
one2one,2,14,0,overlap,2,2,2,14,2,2,0.675383448600769,0.675383448600769,0.8000891447067261,0.0,2.193415403366089,0.6477558016777039,0.044510338455438614,0,000000275392.jpg,2,2
one2one,2,14,0,overlap,2,2,2,14,2,2,0.9579785764217377,0.9579785764217377,0.9649570167064667,0.0,0.3148977756500244,0.19206058979034424,0.005935977213084698,0,000000276921.jpg,2,2
one2one,2,14,0,overlap,2,2,2,14,2,2,0.6635792553424835,0.6635792553424835,0.6861031591892243,0.0,2.5672082901000977,2.550959348678589,0.06565757840871811,0,000000277584.jpg,2,2
one2one,6,42,0,overlap,6,6,6,42,6,6,0.9097347954909006,0.9161034822463989,0.975993424654007,0.0,0.6463111042976379,0.639825701713562,0.004917202517390251,0,000000278705.jpg,6,6
one2one,7,49,1,overlap,7,7,7,48,7,7,0.9199850814683097,0.9375309348106384,0.9553890228271484,0.0,0.5821830630302429,1.160940170288086,0.007753991521894932,0,000000279730.jpg,7,7
one2one,21,132,1,overlap,21,21,21,131,21,21,0.7493128955719017,0.7692841291427612,0.9356585144996643,0.0,1.4293339252471924,1.5026013851165771,0.005305293947458267,0,000000280710.jpg,21,21
one2one,23,161,0,overlap,23,23,23,161,23,23,0.8538031966789909,0.8849858045578003,0.9483779788017273,0.0,1.0070359706878662,1.0494942665100098,0.009133096784353256,0,000000280891.jpg,23,23
one2one,4,28,0,overlap,4,4,4,28,4,4,0.8736917227506638,0.8910561501979828,0.9240638196468354,0.0,0.922353982925415,1.5552587509155273,0.005550702568143606,0,000000283520.jpg,4,4
one2one,3,21,3,overlap,3,3,3,18,3,3,0.9441400170326233,0.9440580010414124,0.9723262429237366,0.0,0.41311416029930115,2.9557807445526123,0.0072500742971897125,0,000000283717.jpg,3,3
one2one,4,28,0,overlap,4,4,4,28,4,4,0.9138142019510269,0.9261120855808258,0.9553460121154785,0.0,0.6328499913215637,0.9098764061927795,0.0075047435238957405,0,000000284106.jpg,4,4
one2one,13,77,2,overlap,13,13,13,75,13,13,0.7619916521585904,0.734112024307251,0.963042390346527,0.0,1.6007304191589355,1.4789023399353027,0.0037645678967237473,0,000000284725.jpg,13,13
one2one,3,21,0,overlap,3,3,3,21,3,3,0.924014170964559,0.9168970584869385,0.9765998363494873,0.0,0.5485568046569824,0.9591877460479736,0.003352743573486805,0,000000285047.jpg,3,3
one2one,4,28,0,overlap,4,4,4,28,4,4,0.8450153768062592,0.8357686102390289,0.9470899999141693,0.0,1.0961854457855225,2.4651241302490234,0.005947920493781567,0,000000285788.jpg,4,4
one2one,2,14,0,overlap,2,2,2,14,2,2,0.8356002271175385,0.8356002271175385,0.9161692798137665,0.0,1.1580413579940796,1.090367317199707,0.04164779558777809,0,000000286660.jpg,2,2
one2one,4,28,0,overlap,4,4,4,28,4,4,0.9279247224330902,0.9483585953712463,0.9742372274398804,0.0,0.5187675952911377,0.3287515938282013,0.006125129759311676,0,000000286849.jpg,4,4
one2one,19,127,12,overlap,19,19,19,115,19,19,0.7501437718930998,0.8606184124946594,0.9022489547729492,0.0,1.3892500400543213,1.6000434160232544,0.008199114352464676,0,000000288584.jpg,19,19
one2one,22,150,2,overlap,22,22,22,148,22,22,0.7829899246042425,0.7837272882461548,0.9192671716213227,0.0,1.5228188037872314,1.669909954071045,0.010104830376803875,0,000000288685.jpg,22,22
one2one,15,105,0,overlap,15,15,15,105,15,15,0.7453608175118764,0.7312920689582825,0.9077007889747619,0.0,1.7567589282989502,1.8609126806259155,0.012409706600010395,0,000000288762.jpg,15,15
one2one,38,236,8,overlap,38,38,38,228,38,38,0.7073563941215214,0.7130235731601715,0.9235076665878297,0.0,1.9222042560577393,1.833012580871582,0.007362624630331993,0,000000289741.jpg,38,38
one2one,13,91,2,overlap,13,13,13,89,13,13,0.8142137802564181,0.7896313667297363,0.9187148571014404,0.0,1.3512911796569824,1.5043210983276367,0.0193801186978817,0,000000290163.jpg,13,13
one2one,7,49,5,overlap,7,7,7,44,7,7,0.6884139776229858,0.671100914478302,0.849166476726532,0.0,2.156620502471924,1.3369609117507935,0.01915740594267845,0,000000291551.jpg,7,7
one2one,13,76,3,overlap,13,13,13,73,13,13,0.7229726818891672,0.8410888910293579,0.9430138230323791,0.0,1.5058070421218872,1.1564888954162598,0.005185128189623356,0,000000292997.jpg,13,13
one2one,4,28,0,overlap,4,4,4,28,4,4,0.9628648459911346,0.9622484147548676,0.9812563359737396,0.0,0.277436763048172,0.14141197502613068,0.0027402921114116907,0,000000293071.jpg,4,4
one2one,8,45,0,overlap,8,8,8,45,8,8,0.8156954199075699,0.8222857713699341,0.9559536337852478,0.0,1.2522650957107544,0.7843355536460876,0.004330679774284363,0,000000294695.jpg,8,8
one2one,4,28,0,overlap,4,4,4,28,4,4,0.8395824581384659,0.8915518820285797,0.960960304737091,0.0,1.0217688083648682,2.1593329906463623,0.007762639783322811,0,000000295138.jpg,4,4
one2one,8,56,0,overlap,8,8,8,56,8,8,0.8440894335508347,0.8937289416790009,0.9461503982543945,0.0,1.0713794231414795,1.4911222457885742,0.008531737141311169,0,000000296222.jpg,8,8
one2one,1,7,0,overlap,1,1,1,7,1,1,0.9294325709342957,0.9294325709342957,0.9294325709342957,0.0,0.4937969744205475,0.8891245126724243,0.018818240612745285,0,000000298904.jpg,1,1
one2one,6,40,0,overlap,6,6,6,40,6,6,0.8619975248972574,0.8873439431190491,0.9451521337032318,0.0,0.9788938760757446,1.9441770315170288,0.005087031051516533,0,000000303908.jpg,6,6
one2one,2,14,0,overlap,2,2,2,14,2,2,0.8193205296993256,0.8193205296993256,0.9271075904369355,0.0,1.1908942461013794,6.367340087890625,0.02566361613571644,0,000000305343.jpg,2,2
one2one,7,49,1,overlap,7,7,7,48,7,7,0.7638307128633771,0.8064336180686951,0.8542909622192383,0.0,1.7014321088790894,1.5040957927703857,0.008662614040076733,0,000000306437.jpg,7,7
one2one,1,7,0,overlap,1,1,1,7,1,1,0.8685691356658936,0.8685691356658936,0.8685691356658936,0.0,0.8600152134895325,0.24762320518493652,0.006663795560598373,0,000000308193.jpg,1,1
one2one,20,139,0,overlap,20,20,20,139,20,20,0.813739675283432,0.8438735008239746,0.9549432873725892,0.0,1.2206659317016602,1.5699009895324707,0.0074199107475578785,0,000000308328.jpg,20,20
one2one,35,221,10,overlap,35,35,35,211,35,35,0.6887423315218517,0.7106137275695801,0.8885569691658021,0.0,1.9687248468399048,1.3747831583023071,0.004735596012324095,0,000000309391.jpg,35,35
one2one,3,21,0,overlap,3,3,3,21,3,3,0.9387791156768799,0.9619000554084778,0.9634280800819397,0.0,0.45439714193344116,1.2520760297775269,0.01659378968179226,0,000000309678.jpg,3,3
one2one,3,21,0,overlap,3,3,3,21,3,3,0.8833494583765665,0.9050233364105225,0.9267691612243653,0.0,0.8537440299987793,1.8046585321426392,0.01419171504676342,0,000000310862.jpg,3,3
one2one,1,7,0,overlap,1,1,1,7,1,1,0.8478874564170837,0.8478874564170837,0.8478874564170837,0.0,0.9807116985321045,0.5804570317268372,0.03223394602537155,0,000000318908.jpg,1,1
one2one,10,65,0,overlap,10,10,10,65,10,10,0.728061032295227,0.7663385570049286,0.8374004006385803,0.0,1.9461051225662231,2.466704845428467,0.00966896302998066,0,000000319607.jpg,10,10
one2one,5,35,0,overlap,5,5,5,35,5,5,0.880301296710968,0.8542352914810181,0.9640029072761536,0.0,0.8637421727180481,1.870952844619751,0.005154041573405266,0,000000319696.jpg,5,5
one2one,4,28,0,overlap,4,4,4,28,4,4,0.877051904797554,0.9512066543102264,0.9661753654479981,0.0,0.7551479935646057,0.6712432503700256,0.006659965496510267,0,000000319721.jpg,4,4
one2one,6,42,5,overlap,6,6,6,37,6,6,0.9002964297930399,0.8944784104824066,0.9324361383914948,0.0,0.7476770281791687,1.9380114078521729,0.013838514685630798,0,000000320632.jpg,6,6
one2one,13,91,0,overlap,13,13,13,91,13,13,0.9334918168874887,0.9418937563896179,0.9728519678115845,0.0,0.48721227049827576,0.9461255669593811,0.009081210941076279,0,000000322211.jpg,13,13
one2one,1,7,0,overlap,1,1,1,7,1,1,0.9488736391067505,0.9488736391067505,0.9488736391067505,0.0,0.3647743761539459,0.9615345001220703,0.009537252597510815,0,000000322829.jpg,1,1
one2one,2,14,0,overlap,2,2,2,14,2,2,0.8814669847488403,0.8814669847488403,0.885368800163269,0.0,0.8968818783760071,2.989806652069092,0.022639557719230652,0,000000322844.jpg,2,2
one2one,9,63,0,overlap,9,9,9,63,9,9,0.8465367820527818,0.8805978894233704,0.9393106579780579,0.0,1.0705677270889282,2.028916120529175,0.013574969954788685,0,000000322959.jpg,9,9
one2one,5,35,1,overlap,5,5,5,34,5,5,0.8500134110450744,0.8794400691986084,0.9337578296661377,0.0,1.0700881481170654,1.579053521156311,0.0052751763723790646,0,000000323571.jpg,5,5
one2one,16,112,3,overlap,16,16,16,109,16,16,0.8335132263600826,0.8382919430732727,0.9674526751041412,0.0,1.1192355155944824,0.7772998809814453,0.008221998810768127,0,000000323799.jpg,16,16
one2one,2,14,0,overlap,2,2,2,14,2,2,0.8927609324455261,0.8927609324455261,0.955147635936737,0.0,0.7613236308097839,0.42343640327453613,0.005504220724105835,0,000000325991.jpg,2,2
one2one,2,14,0,overlap,2,2,2,14,2,2,0.8581662774085999,0.8581662774085999,0.9454540848731995,0.0,0.9787969589233398,1.1845687627792358,0.02864231914281845,0,000000326462.jpg,2,2
one2one,2,14,0,overlap,2,2,2,14,2,2,0.8426016867160797,0.8426016867160797,0.85451038479805,0.0,1.1824065446853638,0.34593987464904785,0.01927918940782547,0,000000327617.jpg,2,2
one2one,3,21,0,overlap,3,3,3,21,3,3,0.9360582033793131,0.9537785053253174,0.9670369625091553,0.0,0.4687393307685852,0.1837248057126999,0.0047191740013659,0,000000328601.jpg,3,3
one2one,9,63,8,overlap,9,9,9,55,9,9,0.8370818694432577,0.8447728753089905,0.963507068157196,0.0,1.0640370845794678,1.4359195232391357,0.011383699253201485,0,000000329456.jpg,9,9
one2one,2,14,0,overlap,2,2,2,14,2,2,0.8781927227973938,0.8781927227973938,0.9184523224830627,0.0,0.9034730195999146,2.3543381690979004,0.02193714678287506,0,000000331352.jpg,2,2
one2one,9,63,0,overlap,9,9,9,63,9,9,0.824795683224996,0.7965476512908936,0.929822814464569,0.0,1.2612591981887817,2.4952588081359863,0.0055246963165700436,0,000000332901.jpg,9,9
one2one,2,14,0,overlap,2,2,2,14,2,2,0.775030791759491,0.775030791759491,0.804923665523529,0.0,1.6959154605865479,0.4322936534881592,0.030548779293894768,0,000000333069.jpg,2,2
one2one,1,7,0,overlap,1,1,1,7,1,1,0.9399988055229187,0.9399988055229187,0.9399988055229187,0.0,0.42341580986976624,0.6190899610519409,0.006524190306663513,0,000000335800.jpg,1,1
one2one,3,21,0,overlap,3,3,3,21,3,3,0.9170442223548889,0.9642888903617859,0.9732937216758728,0.0,0.5805826187133789,2.168684244155884,0.017120355740189552,0,000000335954.jpg,3,3
one2one,25,164,17,overlap,25,25,25,147,25,25,0.7595659387111664,0.7845556139945984,0.9476743817329407,0.0,1.364568829536438,2.0833840370178223,0.009417323395609856,0,000000336053.jpg,25,25
one2one,2,11,0,overlap,2,2,2,11,2,2,0.8130078613758087,0.8130078613758087,0.9044443666934967,0.0,1.2857685089111328,0.4822191596031189,0.002998895477503538,0,000000336265.jpg,2,2
one2one,13,91,11,overlap,13,13,13,80,13,13,0.8825143759067242,0.8839955925941467,0.946197259426117,0.0,0.8519213795661926,1.4528471231460571,0.008864257484674454,0,000000341469.jpg,13,13
one2one,11,77,4,overlap,11,11,11,73,11,11,0.8149341236461293,0.8352556228637695,0.9238417744636536,0.0,1.2993264198303223,2.75130295753479,0.0144119868054986,0,000000345361.jpg,11,11
one2one,2,14,0,overlap,2,2,2,14,2,2,0.9635748565196991,0.9635748565196991,0.9718957841396332,0.0,0.27241265773773193,0.3784511387348175,0.003173033706843853,0,000000349302.jpg,2,2
one2one,6,34,2,overlap,6,6,6,32,6,6,0.70677683254083,0.7058942914009094,0.9603488445281982,0.0,1.5673834085464478,1.9500160217285156,0.0037458285223692656,0,000000350003.jpg,6,6
one2one,1,7,0,overlap,1,1,1,7,1,1,0.8916150331497192,0.8916150331497192,0.8916150331497192,0.0,0.7263022065162659,2.0606963634490967,0.008066664449870586,0,000000355677.jpg,1,1
one2one,14,87,2,overlap,14,14,14,85,14,14,0.7858996370009014,0.8434349596500397,0.9667860567569733,0.0,1.3515756130218506,1.5662412643432617,0.004864506423473358,0,000000357978.jpg,14,14
one2one,2,14,0,overlap,2,2,2,14,2,2,0.9556620121002197,0.9556620121002197,0.9562144756317139,0.0,0.3330092132091522,0.15409375727176666,0.004059022758156061,0,000000358195.jpg,2,2
one2one,3,21,0,overlap,3,3,3,21,3,3,0.710464745759964,0.7829118371009827,0.9253788113594055,0.0,1.5690407752990723,1.8590370416641235,0.0313304141163826,0,000000358427.jpg,3,3
one2one,6,42,1,overlap,6,6,6,41,6,6,0.7595518529415131,0.8373580574989319,0.9073015749454498,0.0,1.5599055290222168,2.4725077152252197,0.030778061598539352,0,000000358923.jpg,6,6
one2one,2,14,0,overlap,2,2,2,14,2,2,0.7900451719760895,0.7900451719760895,0.7954746067523957,0.0,1.6156777143478394,0.7566938400268555,0.06092332303524017,0,000000359135.jpg,2,2
one2one,2,14,0,overlap,2,2,2,14,2,2,0.8982454538345337,0.8982454538345337,0.9131399393081665,0.0,0.76490318775177,0.7991902828216553,0.002428119070827961,0,000000359677.jpg,2,2
one2one,10,70,2,overlap,10,10,10,68,10,10,0.7303956747055054,0.7241418063640594,0.9155594408512115,0.0,1.8718624114990234,1.8426498174667358,0.03295009210705757,0,000000361238.jpg,10,10
one2one,15,105,0,overlap,15,15,15,105,15,15,0.8763659516970317,0.8962870240211487,0.9616868734359741,0.0,0.8601765632629395,0.6600642800331116,0.00961244571954012,0,000000364322.jpg,15,15
one2one,2,14,0,overlap,2,2,2,14,2,2,0.8135786354541779,0.8135786354541779,0.9118126451969146,0.0,1.2670844793319702,0.35102537274360657,0.01939505897462368,0,000000367818.jpg,2,2
one2one,11,77,4,overlap,11,11,11,73,11,11,0.7999515641819347,0.8091021180152893,0.9725920557975769,0.0,1.323786973953247,2.0313360691070557,0.007663198281079531,0,000000368684.jpg,11,11
one2one,7,49,3,overlap,7,7,7,46,7,7,0.8334661722183228,0.8025420308113098,0.9293023228645325,0.0,1.216488242149353,1.5415772199630737,0.017877791076898575,0,000000369370.jpg,7,7
one2one,5,35,0,overlap,5,5,5,35,5,5,0.9294348359107971,0.9407550692558289,0.9519810438156128,0.0,0.5215024352073669,1.768467903137207,0.005553781054913998,0,000000369757.jpg,5,5
one2one,19,133,2,overlap,19,19,19,131,19,19,0.8077673410114489,0.8081443905830383,0.9427981853485107,0.0,1.3382344245910645,1.644298791885376,0.00947798602283001,0,000000370486.jpg,19,19
one2one,2,14,0,overlap,2,2,2,14,2,2,0.8606857657432556,0.8606857657432556,0.8984182715415955,0.0,1.0362014770507812,0.8960632681846619,0.016603391617536545,0,000000370813.jpg,2,2
one2one,1,7,0,overlap,1,1,1,7,1,1,0.98665452003479,0.98665452003479,0.98665452003479,0.0,0.09889804571866989,0.5700076222419739,0.0016398010775446892,0,000000372718.jpg,1,1
one2one,7,47,0,overlap,7,7,7,47,7,7,0.8661537340709141,0.9036474823951721,0.9564775347709655,0.0,0.8868188261985779,0.4956592619419098,0.004209172446280718,0,000000373705.jpg,7,7
one2one,8,56,3,overlap,8,8,8,53,8,8,0.785046711564064,0.7781132757663727,0.9062373042106628,0.0,1.5704784393310547,1.965208649635315,0.02351793274283409,0,000000374083.jpg,8,8
one2one,4,28,0,overlap,4,4,4,28,4,4,0.7883865386247635,0.8658612370491028,0.9379954397678375,0.0,1.2647613286972046,1.0245715379714966,0.010969819501042366,0,000000375469.jpg,4,4
one2one,7,47,0,overlap,7,7,7,47,7,7,0.7635548029627118,0.8049831986427307,0.8599831223487854,0.0,1.676923394203186,2.5128543376922607,0.00994293112307787,0,000000375493.jpg,7,7
one2one,3,21,0,overlap,3,3,3,21,3,3,0.8697978258132935,0.9056336283683777,0.9365003943443299,0.0,0.9441991448402405,0.33994802832603455,0.025468844920396805,0,000000376278.jpg,3,3
one2one,1,7,0,overlap,1,1,1,7,1,1,0.8892861008644104,0.8892861008644104,0.8892861008644104,0.0,0.7424149513244629,0.3245962858200073,0.03063775599002838,0,000000377000.jpg,1,1
one2one,2,14,0,overlap,2,2,2,14,2,2,0.9133237302303314,0.9133237302303314,0.9184625327587128,0.0,0.650286078453064,0.9241529703140259,0.014407522976398468,0,000000377575.jpg,2,2
one2one,6,42,0,overlap,6,6,6,42,6,6,0.9391674300034841,0.9384021461009979,0.9791359007358551,0.0,0.44791197776794434,0.18097692728042603,0.00699731707572937,0,000000377814.jpg,6,6
one2one,2,14,0,overlap,2,2,2,14,2,2,0.9713754057884216,0.9713754057884216,0.9759178996086121,0.0,0.21448588371276855,0.14097650349140167,0.0019016957376152277,0,000000378454.jpg,2,2
one2one,19,125,1,overlap,19,19,19,124,19,19,0.7266130776781785,0.7638992071151733,0.9111844778060912,0.0,1.7393072843551636,1.7923023700714111,0.0038747042417526245,0,000000378673.jpg,19,19
one2one,1,7,0,overlap,1,1,1,7,1,1,0.9803420305252075,0.9803420305252075,0.9803420305252075,0.0,0.1446228176355362,0.10213958472013474,0.004753289744257927,0,000000380203.jpg,1,1
one2one,4,28,0,overlap,4,4,4,28,4,4,0.8841608166694641,0.9254866242408752,0.9409532845020294,0.0,0.8236424326896667,1.2978342771530151,0.004006131552159786,0,000000383606.jpg,4,4
one2one,1,7,0,overlap,1,1,1,7,1,1,0.9742326736450195,0.9742326736450195,0.9742326736450195,0.0,0.18828462064266205,0.939185619354248,0.0039733159355819225,0,000000386277.jpg,1,1
one2one,4,28,0,overlap,4,4,4,28,4,4,0.826081171631813,0.9246204197406769,0.9302502274513245,0.0,1.0401843786239624,1.6282390356063843,0.012323361821472645,0,000000389812.jpg,4,4
one2one,1,7,0,overlap,1,1,1,7,1,1,0.9539546966552734,0.9539546966552734,0.9539546966552734,0.0,0.3309743404388428,0.16109569370746613,0.006613846868276596,0,000000394328.jpg,1,1
one2one,12,84,0,overlap,12,12,12,84,12,12,0.8089341769615809,0.8644850254058838,0.9581313908100129,0.0,1.2920256853103638,1.4610813856124878,0.01903408393263817,0,000000394677.jpg,12,12
one2one,14,92,0,overlap,14,14,14,92,14,14,0.7959404289722443,0.8219156563282013,0.8931951999664307,0.0,1.447190523147583,1.5262724161148071,0.004595947917550802,0,000000396200.jpg,14,14
one2one,3,18,0,overlap,3,3,3,18,3,3,0.6832805375258127,0.5964071750640869,0.9110390186309815,0.0,1.8569579124450684,2.24375319480896,0.009855829179286957,0,000000397279.jpg,3,3
one2one,5,35,0,overlap,5,5,5,35,5,5,0.8110531687736511,0.8842929601669312,0.938515043258667,0.0,1.2082722187042236,4.12601375579834,0.02285347320139408,0,000000398237.jpg,5,5
one2one,16,99,4,overlap,16,16,16,95,16,16,0.7586313262581825,0.8414066433906555,0.9430429041385651,0.0,1.3827482461929321,0.9317601323127747,0.007681983523070812,0,000000399205.jpg,16,16
one2one,2,14,0,overlap,2,2,2,14,2,2,0.9406346082687378,0.9406346082687378,0.9631373643875122,0.0,0.4403834939002991,0.13810734450817108,0.003630873281508684,0,000000401244.jpg,2,2
one2one,2,14,1,overlap,2,2,2,13,2,2,0.9052270948886871,0.9052270948886871,0.9067882359027862,0.0,0.7167690992355347,0.29144060611724854,0.02306792140007019,0,000000402473.jpg,2,2
one2one,2,14,0,overlap,2,2,2,14,2,2,0.9410920739173889,0.9410920739173889,0.9552899956703186,0.0,0.44136589765548706,0.1852903813123703,0.010714348405599594,0,000000403353.jpg,2,2
one2one,3,21,0,overlap,3,3,3,21,3,3,0.782759964466095,0.8225782513618469,0.9361692070960999,0.0,1.3761285543441772,1.5089075565338135,0.018387610092759132,0,000000403565.jpg,3,3
one2one,1,7,0,overlap,1,1,1,7,1,1,0.5355916023254395,0.5355916023254395,0.5355916023254395,0.0,1.8732999563217163,1.1344341039657593,0.0040249270386993885,0,000000404534.jpg,1,1
one2one,5,35,1,overlap,5,5,5,34,5,5,0.8153029322624207,0.8363615274429321,0.928156065940857,0.0,1.2964119911193848,1.762061595916748,0.012870296835899353,0,000000404839.jpg,5,5
one2one,1,7,0,overlap,1,1,1,7,1,1,0.8683896660804749,0.8683896660804749,0.8683896660804749,0.0,0.8623849749565125,0.26834797859191895,0.016218628734350204,0,000000407518.jpg,1,1
one2one,2,14,0,overlap,2,2,2,14,2,2,0.8633342385292053,0.8633342385292053,0.9207815766334534,0.0,0.9952517747879028,1.130929946899414,0.017623713240027428,0,000000409358.jpg,2,2
one2one,1,7,0,overlap,1,1,1,7,1,1,0.877224326133728,0.877224326133728,0.877224326133728,0.0,0.8160290122032166,0.7071883678436279,0.026043640449643135,0,000000410487.jpg,1,1
one2one,17,114,4,overlap,17,17,17,110,17,17,0.7718325941001668,0.8253288865089417,0.9362957835197449,0.0,1.4777638912200928,1.2689350843429565,0.009122936055064201,0,000000410496.jpg,17,17
one2one,7,41,0,overlap,7,7,7,41,7,7,0.7282847421509879,0.7866565585136414,0.9355626463890075,0.0,1.5977122783660889,1.039657473564148,0.004483906552195549,0,000000414133.jpg,7,7
one2one,6,42,0,overlap,6,6,6,42,6,6,0.9211003184318542,0.922917515039444,0.9739959537982941,0.0,0.573971688747406,0.3612750768661499,0.007878592237830162,0,000000414638.jpg,6,6
one2one,20,140,0,overlap,20,20,20,140,20,20,0.8934469819068909,0.9314261078834534,0.9596065878868103,0.0,0.7508754134178162,0.9419986009597778,0.004545468371361494,0,000000414795.jpg,20,20
one2one,3,21,0,overlap,3,3,3,21,3,3,0.7985090017318726,0.7961992025375366,0.8678632020950318,0.0,1.4803531169891357,1.1055594682693481,0.020844541490077972,0,000000416256.jpg,3,3
one2one,38,236,15,overlap,38,38,38,220,38,38,0.4978092004986186,0.5031303614377975,0.8650322675704957,0.0,2.699566125869751,2.2547879219055176,0.007767249830067158,0,000000416991.jpg,38,38
one2one,1,7,0,overlap,1,1,1,7,1,1,0.9964502453804016,0.9964502453804016,0.9964502453804016,0.0,0.0265290979295969,0.03547947108745575,0.0009946741629391909,0,000000420230.jpg,1,1
one2one,4,28,0,overlap,4,4,4,28,4,4,0.9278798401355743,0.9406885206699371,0.954198294878006,0.0,0.5342758893966675,0.9402375221252441,0.007775390520691872,0,000000420281.jpg,4,4
one2one,5,35,1,overlap,5,5,5,34,5,5,0.8040149092674256,0.8517486453056335,0.9196229457855225,0.0,1.3673714399337769,1.9549953937530518,0.028838813304901123,0,000000421455.jpg,5,5
one2one,6,36,5,overlap,6,6,6,31,6,6,0.6964223956068357,0.7894531488418579,0.9575991332530975,0.0,1.5036171674728394,2.099785566329956,0.014996456913650036,0,000000422706.jpg,6,6
one2one,2,14,0,overlap,2,2,2,14,2,2,0.9342502057552338,0.9342502057552338,0.9486708343029022,0.0,0.4907973110675812,0.7772082686424255,0.00286300596781075,0,000000423104.jpg,2,2
one2one,1,7,0,overlap,1,1,1,7,1,1,0.9700393676757812,0.9700393676757812,0.9700393676757812,0.0,0.2184077948331833,0.21709635853767395,0.007377125322818756,0,000000424776.jpg,1,1
one2one,4,28,0,overlap,4,4,4,28,4,4,0.7820615917444229,0.774584174156189,0.8901848495006561,0.0,1.5555005073547363,2.446580410003662,0.0059071993455290794,0,000000424975.jpg,4,4
one2one,2,14,0,overlap,2,2,2,14,2,2,0.8440529406070709,0.8440529406070709,0.8982096970081329,0.0,1.1317723989486694,0.3194814920425415,0.006303736940026283,0,000000425702.jpg,2,2
one2one,14,98,1,overlap,14,14,14,97,14,14,0.7631612036909375,0.7765255570411682,0.8675568044185639,0.0,1.7065902948379517,1.5793925523757935,0.00998512003570795,0,000000425906.jpg,14,14
one2one,2,14,0,overlap,2,2,2,14,2,2,0.9308609366416931,0.9308609366416931,0.9548809409141541,0.0,0.512109100818634,1.0473219156265259,0.006754384376108646,0,000000426253.jpg,2,2
one2one,5,35,1,overlap,5,5,5,34,5,5,0.8539338111877441,0.8774923086166382,0.8903554439544678,0.0,1.0836390256881714,2.4121663570404053,0.0186423622071743,0,000000427034.jpg,5,5
one2one,2,14,0,overlap,2,2,2,14,2,2,0.6827183812856674,0.6827183812856674,0.9136612623929977,0.0,1.460209846496582,0.9776123762130737,0.01774626225233078,0,000000427077.jpg,2,2
one2one,4,25,0,overlap,4,4,4,25,4,4,0.6669762451201677,0.7939884066581726,0.9582635223865509,0.0,1.041690707206726,1.9905970096588135,0.005290578585118055,0,000000429011.jpg,4,4
one2one,18,119,8,overlap,18,18,18,111,18,18,0.748332013686498,0.785025417804718,0.8690422296524049,0.0,1.6809850931167603,3.239042043685913,0.007731452118605375,0,000000429281.jpg,18,18
one2one,4,28,0,overlap,4,4,4,28,4,4,0.9415991604328156,0.953129380941391,0.9790613770484924,0.0,0.42458009719848633,1.3059099912643433,0.006642062216997147,0,000000429623.jpg,4,4
one2one,3,21,0,overlap,3,3,3,21,3,3,0.7150371869405111,0.7347865700721741,0.8719582200050354,0.0,1.8678948879241943,0.8950393795967102,0.038202472031116486,0,000000430056.jpg,3,3
one2one,5,35,1,overlap,5,5,5,33,5,5,0.858112895488739,0.8316143751144409,0.9571032524108887,0.0,1.0067155361175537,3.0651443004608154,0.023151157423853874,0,000000431568.jpg,5,5
one2one,5,35,0,overlap,5,5,5,35,5,5,0.8812018513679505,0.8849517107009888,0.9643990516662597,0.0,0.8422441482543945,2.0854499340057373,0.01204981841146946,0,000000432553.jpg,5,5
one2one,5,35,0,overlap,5,5,5,35,5,5,0.8337873935699462,0.8098819255828857,0.9538882970809937,0.0,1.1463807821273804,0.5408707857131958,0.011353169567883015,0,000000438304.jpg,5,5
one2one,8,56,4,overlap,8,8,8,52,8,8,0.6803301721811295,0.7210532426834106,0.7799815714359283,0.0,2.279973268508911,2.770148754119873,0.008415712043642998,0,000000439290.jpg,8,8
one2one,1,7,0,overlap,1,1,1,7,1,1,0.9697369933128357,0.9697369933128357,0.9697369933128357,0.0,0.2206668108701706,0.4189680814743042,0.00917981006205082,0,000000439522.jpg,1,1
one2one,24,145,11,overlap,24,24,24,134,24,24,0.7626061732104669,0.8583555221557617,0.9366499006748199,0.0,1.23991060256958,2.564107656478882,0.0064400313422083855,0,000000441247.jpg,24,24
one2one,8,56,0,overlap,8,8,8,56,8,8,0.8541945144534111,0.8986481428146362,0.9489723742008209,0.0,0.9785251617431641,1.5407122373580933,0.009911381639540195,0,000000442161.jpg,8,8
one2one,2,14,0,overlap,2,2,2,14,2,2,0.9244023561477661,0.9244023561477661,0.9440505743026734,0.0,0.5623407363891602,0.1759282648563385,0.005018081981688738,0,000000442463.jpg,2,2
one2one,4,28,0,overlap,4,4,4,28,4,4,0.7198794782161713,0.677331268787384,0.8841364443302155,0.0,1.8845034837722778,2.1725077629089355,0.009802184998989105,0,000000447169.jpg,4,4
one2one,6,42,0,overlap,6,6,6,42,6,6,0.8235693623622259,0.9368506968021393,0.9721604883670807,0.0,0.8256398439407349,2.0694122314453125,0.010482334531843662,0,000000447611.jpg,6,6
one2one,3,21,0,overlap,3,3,3,21,3,3,0.8884909749031067,0.9529164433479309,0.9850710988044739,0.0,0.718955934047699,1.155452847480774,0.003172447672113776,0,000000448365.jpg,3,3
one2one,5,35,6,overlap,5,5,5,29,5,5,0.726896870136261,0.7750003337860107,0.9483234763145447,0.0,1.6132621765136719,1.7847737073898315,0.021305175498127937,0,000000449190.jpg,5,5
one2one,11,67,0,overlap,11,11,11,67,11,11,0.7889209172942422,0.8160839676856995,0.9389885663986206,0.0,1.4407962560653687,1.4429833889007568,0.0046635461039841175,0,000000449996.jpg,11,11
one2one,30,209,3,overlap,30,30,30,206,30,30,0.7515901654958725,0.7672120332717896,0.884754353761673,0.0,1.7769432067871094,1.406434416770935,0.010108040645718575,0,000000450399.jpg,30,30
one2one,7,49,2,overlap,7,7,7,47,7,7,0.8628865565572467,0.8959291577339172,0.9356419444084167,0.0,0.9869000315666199,0.3314123749732971,0.004941563121974468,0,000000450758.jpg,7,7
one2one,2,14,0,overlap,2,2,2,14,2,2,0.96292445063591,0.96292445063591,0.9687481820583344,0.0,0.2788408100605011,0.5622206926345825,0.010683311149477959,0,000000452891.jpg,2,2
one2one,2,14,0,overlap,2,2,2,14,2,2,0.6092091500759125,0.6092091500759125,0.7474076926708222,0.0,2.594388008117676,3.2617135047912598,0.07132668793201447,0,000000453040.jpg,2,2
one2one,7,49,0,overlap,7,7,7,49,7,7,0.8608827590942383,0.8837617635726929,0.9408136487007142,0.0,0.9978346228599548,2.209406852722168,0.0119728222489357,0,000000453302.jpg,7,7
one2one,7,48,1,overlap,7,7,7,47,7,7,0.7185392379760742,0.7987757325172424,0.8859072327613831,0.0,1.6901297569274902,2.9348506927490234,0.008550546132028103,0,000000453584.jpg,7,7
one2one,14,96,0,overlap,14,14,14,96,14,14,0.8648757593972343,0.8621804416179657,0.9362022578716278,0.0,0.9935926795005798,1.1413570642471313,0.0070940107107162476,0,000000453708.jpg,14,14
one2one,15,86,0,overlap,15,15,15,86,15,15,0.779754110177358,0.8237430453300476,0.9381110072135925,0.0,1.4559962749481201,1.0430703163146973,0.004861083813011646,0,000000453841.jpg,15,15
one2one,8,56,0,overlap,8,8,8,56,8,8,0.785454761236906,0.8405064940452576,0.9401726722717285,0.0,1.4050236940383911,1.5505844354629517,0.012629484757781029,0,000000456143.jpg,8,8
one2one,2,14,0,overlap,2,2,2,14,2,2,0.9528927206993103,0.9528927206993103,0.970421302318573,0.0,0.350719153881073,0.40055596828460693,0.012337487190961838,0,000000456662.jpg,2,2
one2one,5,32,0,overlap,5,5,5,32,5,5,0.8415202856063843,0.7753405570983887,0.9660889625549316,0.0,1.1061674356460571,2.5690829753875732,0.0042934054508805275,0,000000458109.jpg,5,5
one2one,33,188,13,overlap,33,33,33,175,33,33,0.7590391816514911,0.7612819671630859,0.9430682063102722,0.0,1.5513062477111816,1.2649946212768555,0.004891602788120508,0,000000458325.jpg,33,33
one2one,5,35,0,overlap,5,5,5,35,5,5,0.9235174655914307,0.9475514888763428,0.9593598008155823,0.0,0.560154378414154,1.605766773223877,0.013194890692830086,0,000000459662.jpg,5,5
one2one,8,47,0,overlap,8,8,8,47,8,8,0.7725070044398308,0.7643313705921173,0.9157334983348846,0.0,1.6023271083831787,1.2008249759674072,0.0033489689230918884,0,000000459809.jpg,8,8
one2one,3,21,0,overlap,3,3,3,21,3,3,0.8855341474215189,0.908919632434845,0.9311058163642884,0.0,0.839998722076416,0.9249329566955566,0.012509831227362156,0,000000462031.jpg,3,3
one2one,7,49,0,overlap,7,7,7,49,7,7,0.7984056047030857,0.8354055881500244,0.9390092730522156,0.0,1.3308601379394531,2.3647494316101074,0.011604435741901398,0,000000462576.jpg,7,7
one2one,21,108,13,overlap,20,20,20,93,20,20,0.6070701315999031,0.6092689037322998,0.854832148551941,0.0,2.531315565109253,2.148282051086426,0.007958658039569855,0,000000463522.jpg,20,20
one2one,3,21,0,overlap,3,3,3,21,3,3,0.7920425534248352,0.8567790389060974,0.9046525835990906,0.0,1.396750807762146,1.5642731189727783,0.01870153658092022,0,000000464358.jpg,3,3
one2one,3,21,0,overlap,3,3,3,21,3,3,0.9029951890309652,0.8931412100791931,0.9589593291282654,0.0,0.7123648524284363,2.4131112098693848,0.008209756575524807,0,000000464824.jpg,3,3
one2one,3,21,0,overlap,3,3,3,21,3,3,0.8183800379435221,0.7732816338539124,0.9215592026710511,0.0,1.2744810581207275,1.7197589874267578,0.008487886749207973,0,000000465675.jpg,3,3
one2one,14,98,10,overlap,14,14,14,88,14,14,0.8363264160496848,0.8516086637973785,0.9384899079799652,0.0,1.1561198234558105,1.7748957872390747,0.00884074717760086,0,000000465806.jpg,14,14
one2one,9,63,1,overlap,9,9,9,62,9,9,0.8471022314495511,0.9010645151138306,0.9464156746864318,0.0,1.061254858970642,2.5461223125457764,0.010314632207155228,0,000000466125.jpg,9,9
one2one,9,47,4,overlap,9,9,9,43,9,9,0.6659404850668378,0.693430483341217,0.9063035607337951,0.0,1.7259272336959839,1.0808911323547363,0.0057235583662986755,0,000000469246.jpg,9,9
one2one,10,70,0,overlap,10,10,10,70,10,10,0.7663128614425659,0.8087573945522308,0.9089993000030517,0.0,1.6239140033721924,1.4745798110961914,0.020355964079499245,0,000000470779.jpg,10,10
one2one,11,74,0,overlap,11,11,11,74,11,11,0.7737916924736716,0.8368694186210632,0.9001018404960632,0.0,1.4847755432128906,2.786466598510742,0.009158261120319366,0,000000473869.jpg,11,11
one2one,4,28,0,overlap,4,4,4,28,4,4,0.8652023673057556,0.8562301397323608,0.950221961736679,0.0,0.9696869850158691,1.8211891651153564,0.01116851344704628,0,000000474854.jpg,4,4
one2one,4,28,0,overlap,4,4,4,28,4,4,0.8925423473119736,0.8868319690227509,0.9527357578277588,0.0,0.7818599343299866,1.7089327573776245,0.004028121940791607,0,000000475064.jpg,4,4
one2one,9,58,0,overlap,9,9,9,58,9,9,0.7824382914437188,0.8387735486030579,0.9034347653388977,0.0,1.4990535974502563,0.662015974521637,0.020481251180171967,0,000000480021.jpg,9,9
one2one,4,28,1,overlap,4,4,4,27,4,4,0.8922852724790573,0.9450161755084991,0.9618517279624939,0.0,0.7282968163490295,0.9065307378768921,0.009651467204093933,0,000000481582.jpg,4,4
one2one,19,133,4,overlap,19,19,19,129,19,19,0.8136912270596153,0.8306094408035278,0.9133692979812622,0.0,1.2966500520706177,1.592376708984375,0.006664545275270939,0,000000482275.jpg,19,19
one2one,1,7,0,overlap,1,1,1,7,1,1,0.9463536143302917,0.9463536143302917,0.9463536143302917,0.0,0.38113051652908325,0.1332520842552185,0.010672930628061295,0,000000482477.jpg,1,1
one2one,2,14,0,overlap,2,2,2,14,2,2,0.8939468264579773,0.8939468264579773,0.9158442854881287,0.0,0.7909786701202393,0.7161551713943481,0.004515056498348713,0,000000482487.jpg,2,2
one2one,5,35,0,overlap,5,5,5,35,5,5,0.8953104496002198,0.8941693305969238,0.964034640789032,0.0,0.758123517036438,1.4247767925262451,0.014810222201049328,0,000000482917.jpg,5,5
one2one,2,14,0,overlap,2,2,2,14,2,2,0.9496195018291473,0.9496195018291473,0.9670589864253998,0.0,0.37554293870925903,0.18949098885059357,0.011046994477510452,0,000000486479.jpg,2,2
one2one,2,14,0,overlap,2,2,2,14,2,2,0.901537150144577,0.901537150144577,0.9323746621608734,0.0,0.7319313883781433,0.6175938248634338,0.008722037076950073,0,000000488736.jpg,2,2
one2one,3,21,0,overlap,3,3,3,21,3,3,0.8043202956517538,0.8664693832397461,0.9101782321929932,0.0,1.3491363525390625,1.4876986742019653,0.02603302150964737,0,000000490171.jpg,3,3
one2one,3,21,3,overlap,3,3,3,18,3,3,0.9168676336606344,0.8966972827911377,0.9514443397521972,0.0,0.621459424495697,1.1178792715072632,0.010471174493432045,0,000000498286.jpg,3,3
one2one,13,90,1,overlap,13,13,13,89,13,13,0.8196846155019907,0.8254421949386597,0.9293749332427979,0.0,1.2845720052719116,1.294072151184082,0.004121263045817614,0,000000499181.jpg,13,13
one2one,4,28,0,overlap,4,4,4,28,4,4,0.8375024795532227,0.8320786356925964,0.9374664425849915,0.0,1.1376030445098877,3.6753735542297363,0.004523610696196556,0,000000501368.jpg,4,4
one2one,8,51,0,overlap,8,8,8,51,8,8,0.8099327608942986,0.839826762676239,0.8989911794662475,0.0,1.3732287883758545,1.8518658876419067,0.006649256683886051,0,000000504415.jpg,8,8
one2one,5,35,0,overlap,5,5,5,35,5,5,0.7647981166839599,0.8794264197349548,0.8887627363204956,0.0,1.4714412689208984,3.024937391281128,0.012366358190774918,0,000000506178.jpg,5,5
one2one,5,35,4,overlap,5,5,5,31,5,5,0.8149612784385681,0.843332827091217,0.9333889722824097,0.0,1.2201416492462158,1.0284868478775024,0.019563939422369003,0,000000506656.jpg,5,5
one2one,16,108,1,overlap,16,16,16,107,16,16,0.7551313433796167,0.7767215669155121,0.9532656371593475,0.0,1.5491126775741577,1.6956088542938232,0.01101705338805914,0,000000506707.jpg,16,16
one2one,3,21,1,overlap,3,3,3,20,3,3,0.7920122941335043,0.838233470916748,0.8493409156799316,0.0,1.5239224433898926,2.9019112586975098,0.03832879662513733,0,000000507042.jpg,3,3
one2one,9,63,3,overlap,9,9,9,60,9,9,0.9149780803256564,0.9193686842918396,0.9678390741348266,0.0,0.6218821406364441,1.181546688079834,0.006054660305380821,0,000000507223.jpg,9,9
one2one,3,21,0,overlap,3,3,3,21,3,3,0.9429724812507629,0.9409660696983337,0.9731799483299255,0.0,0.421408087015152,0.5867949724197388,0.0034073027782142162,0,000000507473.jpg,3,3
one2one,15,94,5,overlap,15,15,15,89,15,15,0.7964463551839193,0.8044451475143433,0.9533424496650695,0.0,1.397667407989502,1.2486621141433716,0.0048804436810314655,0,000000507667.jpg,15,15
one2one,15,105,2,overlap,15,15,15,103,15,15,0.8426738897959392,0.8561506271362305,0.9643331408500672,0.0,1.059876561164856,1.0565861463546753,0.005237909033894539,0,000000507797.jpg,15,15
one2one,1,7,0,overlap,1,1,1,7,1,1,0.9490982294082642,0.9490982294082642,0.9490982294082642,0.0,0.362919420003891,0.3980367183685303,0.013216370716691017,0,000000511398.jpg,1,1
one2one,4,28,0,overlap,4,4,4,28,4,4,0.9298285245895386,0.9548474848270416,0.9721473217010498,0.0,0.5034346580505371,0.860650360584259,0.012963810935616493,0,000000513688.jpg,4,4
one2one,2,14,0,overlap,2,2,2,14,2,2,0.9249837100505829,0.9249837100505829,0.9504484593868255,0.0,0.5591517090797424,0.2545912563800812,0.015476582571864128,0,000000514979.jpg,2,2
one2one,4,28,0,overlap,4,4,4,28,4,4,0.8597049117088318,0.8788906335830688,0.9706130445003509,0.0,0.9501721858978271,0.9723008275032043,0.009856907650828362,0,000000515266.jpg,4,4
one2one,9,29,0,overlap,9,9,9,29,9,9,0.3911904686441024,0.2767537534236908,0.9450656652450562,0.0,2.289844036102295,1.8033819198608398,0.003136466257274151,0,000000516316.jpg,9,9
one2one,22,144,2,overlap,22,22,22,142,22,22,0.7533053579655561,0.7773183882236481,0.9136385500431061,0.0,1.682310700416565,1.4370135068893433,0.007961397990584373,0,000000518770.jpg,22,22
one2one,2,14,1,overlap,2,2,2,13,2,2,0.9774918556213379,0.9774918556213379,0.9812492370605469,0.0,0.1689462512731552,0.27998965978622437,0.0060494584031403065,0,000000519208.jpg,2,2
one2one,2,14,0,overlap,2,2,2,14,2,2,0.9531040787696838,0.9531040787696838,0.9775451779365539,0.0,0.34587958455085754,2.033811092376709,0.013373948633670807,0,000000519688.jpg,2,2
one2one,18,121,7,overlap,18,18,18,110,18,18,0.748242007361518,0.7537981867790222,0.9079484164714813,0.0,1.6278156042099,1.5430757999420166,0.007621587719768286,0,000000520264.jpg,18,18
one2one,5,35,0,overlap,5,5,5,35,5,5,0.84339519739151,0.8377516865730286,0.9567282319068908,0.0,1.069671392440796,0.9280896186828613,0.016050532460212708,0,000000520871.jpg,5,5
one2one,14,88,2,overlap,14,14,14,86,14,14,0.7919203170708248,0.8422545492649078,0.9563857018947601,0.0,1.4066029787063599,1.0993704795837402,0.004315410740673542,0,000000521141.jpg,14,14
one2one,1,7,0,overlap,1,1,1,7,1,1,0.9417846202850342,0.9417846202850342,0.9417846202850342,0.0,0.41186943650245667,0.3587750196456909,0.010261012241244316,0,000000521282.jpg,1,1
one2one,3,21,0,overlap,3,3,3,21,3,3,0.8566622336705526,0.8000299334526062,0.9440015196800232,0.0,1.024876594543457,1.2237099409103394,0.025630459189414978,0,000000521540.jpg,3,3
one2one,13,91,5,overlap,13,13,13,86,13,13,0.8018117042688223,0.8366097807884216,0.9309222817420959,0.0,1.3504501581192017,0.9205780625343323,0.005758008919656277,0,000000523957.jpg,13,13
one2one,2,14,0,overlap,2,2,2,14,2,2,0.9231879413127899,0.9231879413127899,0.9253992974758148,0.0,0.5772538185119629,0.24221859872341156,0.007194239646196365,0,000000525322.jpg,2,2
one2one,9,63,5,overlap,9,9,9,58,9,9,0.83830236726337,0.8527407646179199,0.9421918034553528,0.0,1.1449447870254517,1.4669286012649536,0.016025029122829437,0,000000527695.jpg,9,9
one2one,10,70,0,overlap,10,10,10,70,10,10,0.8260623097419739,0.8440679907798767,0.9376953721046447,0.0,1.2401506900787354,1.1256908178329468,0.005460637155920267,0,000000528314.jpg,10,10
one2one,7,49,0,overlap,7,7,7,49,7,7,0.915584751537868,0.9158302545547485,0.9230315566062928,0.0,0.633629560470581,0.7128760814666748,0.004226863384246826,0,000000528862.jpg,7,7
one2one,,,,overlap,,,,,,,,,,0.0,0.0,0.05847454071044922,0.0,0,000000528977.jpg,0,0
one2one,12,84,1,overlap,12,12,12,83,12,12,0.8595787982145945,0.9006961584091187,0.9305454432964325,0.0,0.9903856515884399,1.131574273109436,0.008667029440402985,0,000000529966.jpg,12,12
one2one,3,19,0,overlap,3,3,3,19,3,3,0.7542645037174225,0.9291497468948364,0.94299795627594,0.0,1.1703709363937378,2.499912738800049,0.008908664807677269,0,000000530466.jpg,3,3
one2one,2,14,0,overlap,2,2,2,14,2,2,0.9040051400661469,0.9040051400661469,0.9537437617778778,0.0,0.6932920217514038,0.30403056740760803,0.008996079675853252,0,000000530820.jpg,2,2
one2one,23,152,3,overlap,23,23,23,149,23,23,0.7020632695892582,0.6950327754020691,0.8740806221961975,0.0,1.8813647031784058,1.9816275835037231,0.011180172674357891,0,000000530975.jpg,23,23
one2one,1,7,0,overlap,1,1,1,7,1,1,0.9375749826431274,0.9375749826431274,0.9375749826431274,0.0,0.44069594144821167,1.4656836986541748,0.017366088926792145,0,000000531771.jpg,1,1
one2one,5,35,0,overlap,5,5,5,35,5,5,0.9228375434875489,0.9259878993034363,0.9705503344535827,0.0,0.5666341185569763,0.4819892942905426,0.010182879865169525,0,000000532058.jpg,5,5
one2one,10,47,0,overlap,10,10,10,47,10,10,0.7288675755262375,0.7359298169612885,0.918598210811615,0.0,1.825952172279358,1.8667614459991455,0.0032157250680029392,0,000000532481.jpg,10,10
one2one,1,7,0,overlap,1,1,1,7,1,1,0.8808439373970032,0.8808439373970032,0.8808439373970032,0.0,0.796972930431366,2.558741569519043,0.009138325229287148,0,000000533958.jpg,1,1
one2one,15,105,9,overlap,15,15,15,96,15,15,0.8265626947085063,0.8456152677536011,0.9532171964645386,0.0,1.1947264671325684,2.0219497680664062,0.011595544405281544,0,000000534041.jpg,15,15
one2one,2,14,0,overlap,2,2,2,14,2,2,0.8275190591812134,0.8275190591812134,0.8770700693130493,0.0,1.2647753953933716,1.4765654802322388,0.004741205833852291,0,000000535858.jpg,2,2
one2one,1,7,0,overlap,1,1,1,7,1,1,0.9349361658096313,0.9349361658096313,0.9349361658096313,0.0,0.45666682720184326,0.13156534731388092,0.010776590555906296,0,000000537053.jpg,1,1
one2one,1,7,0,overlap,1,1,1,7,1,1,0.9127135872840881,0.9127135872840881,0.9127135872840881,0.0,0.5989065170288086,0.19954365491867065,0.01013944298028946,0,000000537964.jpg,1,1
one2one,7,49,1,overlap,7,7,7,48,7,7,0.8264675906726292,0.8940181136131287,0.9245389699935913,0.0,1.2226141691207886,1.0437074899673462,0.0038126427680253983,0,000000538067.jpg,7,7
one2one,11,69,7,overlap,11,11,11,62,11,11,0.7039442319761623,0.7768846154212952,0.8611903786659241,0.0,1.8189529180526733,1.1498223543167114,0.003526874352246523,0,000000540932.jpg,11,11
one2one,4,28,0,overlap,4,4,4,28,4,4,0.7936864942312241,0.8039877414703369,0.8655464291572571,0.0,1.5253186225891113,1.8150385618209839,0.021963048726320267,0,000000540962.jpg,4,4
one2one,1,7,0,overlap,1,1,1,7,1,1,0.9059976935386658,0.9059976935386658,0.9059976935386658,0.0,0.6390624046325684,0.878529965877533,0.004522328265011311,0,000000542089.jpg,1,1
one2one,19,88,4,overlap,19,19,19,83,19,19,0.602147292933966,0.6218984127044678,0.9106605768203735,0.0,2.1819467544555664,1.723122477531433,0.005628533661365509,0,000000543581.jpg,19,19
one2one,2,14,0,overlap,2,2,2,14,2,2,0.90852090716362,0.90852090716362,0.9458188951015473,0.0,0.6696452498435974,0.557087779045105,0.010332340374588966,0,000000544519.jpg,2,2
one2one,5,35,0,overlap,5,5,5,35,5,5,0.8007551074028015,0.9113414883613586,0.9495100617408753,0.0,1.2598764896392822,1.2872538566589355,0.012150127440690994,0,000000544565.jpg,5,5
one2one,6,42,0,overlap,6,6,6,42,6,6,0.8500502208868662,0.869632363319397,0.9222284257411957,0.0,1.0888715982437134,1.1552948951721191,0.015944549813866615,0,000000546717.jpg,6,6
one2one,1,7,0,overlap,1,1,1,7,1,1,0.9482071995735168,0.9482071995735168,0.9482071995735168,0.0,0.3694358766078949,3.60390043258667,0.011513941921293736,0,000000546826.jpg,1,1
one2one,5,35,0,overlap,5,5,5,35,5,5,0.8729542970657349,0.9122142791748047,0.9426791906356812,0.0,0.9021715521812439,1.622316837310791,0.014992110431194305,0,000000547854.jpg,5,5
one2one,7,49,0,overlap,7,7,7,49,7,7,0.8706023097038269,0.8807076215744019,0.9458238005638122,0.0,0.9425157308578491,0.5853681564331055,0.006061100400984287,0,000000547886.jpg,7,7
one2one,8,56,3,overlap,8,8,8,53,8,8,0.9166910722851753,0.9381391704082489,0.9698183357715606,0.0,0.6002340316772461,0.9656313061714172,0.011127441190183163,0,000000548506.jpg,8,8
one2one,2,14,0,overlap,2,2,2,14,2,2,0.9453138113021851,0.9453138113021851,0.978002667427063,0.0,0.39941567182540894,0.8047290444374084,0.012071977369487286,0,000000548555.jpg,2,2
one2one,6,42,4,overlap,6,6,6,38,6,6,0.8763471047083536,0.8751662075519562,0.9687894582748413,0.0,0.880831241607666,2.209059715270996,0.011868590489029884,0,000000550322.jpg,6,6
one2one,,,,overlap,,,,,,,,,,0.0,0.0,0.4953813850879669,0.0,0,000000550939.jpg,0,0
one2one,3,21,0,overlap,3,3,3,21,3,3,0.941579262415568,0.9322726726531982,0.9613194942474366,0.0,0.43781760334968567,0.9853642582893372,0.014080312103033066,0,000000551815.jpg,3,3
one2one,7,44,0,overlap,7,7,7,44,7,7,0.7968579190117973,0.7998045086860657,0.9471781134605408,0.0,1.4261817932128906,1.014381766319275,0.013784123584628105,0,000000553731.jpg,7,7
one2one,6,42,0,overlap,6,6,6,42,6,6,0.8538748919963837,0.8753653764724731,0.9591557681560516,0.0,0.9966239333152771,1.4035593271255493,0.011846562847495079,0,000000554579.jpg,6,6
one2one,,,,overlap,,,,,,,,,,0.0,0.0,0.023800373077392578,0.0,0,000000556498.jpg,0,0
one2one,7,49,0,overlap,7,7,7,49,7,7,0.9197047352790833,0.9503844380378723,0.9662585735321045,0.0,0.5717208385467529,0.42340999841690063,0.009961292147636414,0,000000558854.jpg,7,7
one2one,,,,overlap,,,,,,,,,,0.0,0.0,0.008435249328613281,0.0,0,000000560371.jpg,0,0
one2one,20,140,6,overlap,20,20,20,133,20,20,0.6861539751291275,0.7064168751239777,0.8842653512954712,0.0,2.1201069355010986,3.611246109008789,0.01738034002482891,0,000000560474.jpg,20,20
one2one,6,42,0,overlap,6,6,6,42,6,6,0.9539396266142527,0.9617151618003845,0.9712387323379517,0.0,0.3418271839618683,0.387832909822464,0.009102979674935341,0,000000562059.jpg,6,6
one2one,4,28,2,overlap,4,4,4,26,4,4,0.7827245444059372,0.756216287612915,0.9015605628490448,0.0,1.5433518886566162,1.1965372562408447,0.008156809955835342,0,000000562229.jpg,4,4
one2one,2,14,0,overlap,2,2,2,14,2,2,0.7912962436676025,0.7912962436676025,0.8640969753265381,0.0,1.4946422576904297,0.7295427918434143,0.006791267544031143,0,000000567011.jpg,2,2
one2one,5,35,0,overlap,5,5,5,35,5,5,0.8760264158248902,0.8646190762519836,0.9199443101882935,0.0,0.9210829138755798,1.2109088897705078,0.007203347980976105,0,000000567886.jpg,5,5
one2one,10,55,0,overlap,10,10,10,55,10,10,0.5805205807089806,0.6169023811817169,0.7943001866340637,0.0,2.4301986694335938,2.238849639892578,0.004887433722615242,0,000000570448.jpg,10,10
one2one,1,7,0,overlap,1,1,1,7,1,1,0.9670417904853821,0.9670417904853821,0.9670417904853821,0.0,0.23950237035751343,1.4672969579696655,0.0036562634631991386,0,000000571943.jpg,1,1
one2one,2,14,0,overlap,2,2,2,14,2,2,0.8960196077823639,0.8960196077823639,0.9208109676837921,0.0,0.7826030850410461,2.5039916038513184,0.02271035686135292,0,000000572303.jpg,2,2
one2one,5,35,4,overlap,5,5,5,31,5,5,0.9123574018478393,0.905048668384552,0.961760687828064,0.0,0.6458382606506348,2.029459238052368,0.005619690753519535,0,000000572408.jpg,5,5
one2one,2,14,0,overlap,2,2,2,14,2,2,0.8935566246509552,0.8935566246509552,0.9585012495517731,0.0,0.7486647963523865,0.628699541091919,0.005066398531198502,0,000000574520.jpg,2,2
one2one,3,21,0,overlap,3,3,3,21,3,3,0.8545958201090494,0.8611108660697937,0.9643705248832702,0.0,0.9867738485336304,2.1470494270324707,0.009603414684534073,0,000000575187.jpg,3,3
one2one,10,54,2,overlap,10,10,10,52,10,10,0.7613383710384369,0.8223053812980652,0.9452360987663269,0.0,1.4832937717437744,2.074139356613159,0.004648001864552498,0,000000575243.jpg,10,10
one2one,3,18,0,overlap,3,3,3,18,3,3,0.8987731536229452,0.9523418545722961,0.9616778016090393,0.0,0.7024734020233154,0.5103158354759216,0.0027250065468251705,0,000000576654.jpg,3,3
one2one,5,35,0,overlap,5,5,5,35,5,5,0.9057965040206909,0.9151540398597717,0.9757132649421691,0.0,0.6815449595451355,0.5511610507965088,0.006333426106721163,0,000000580197.jpg,5,5
one2one,2,14,0,overlap,2,2,2,14,2,2,0.9181100428104401,0.9181100428104401,0.9760360062122345,0.0,0.5736925601959229,0.4603252708911896,0.002146644052118063,0,000000581317.jpg,2,2
