variant,mode,sample,model_forward_ms
late_dense_eq_top1,e2e,0,6.288544178009033
late_dense_eq_top1,e2e,1,6.425600051879883
late_dense_eq_top1,e2e,2,6.28326416015625
late_dense_eq_top1,e2e,3,6.273695945739746
late_dense_eq_top1,e2e,4,6.509791851043701
late_dense_eq_top1,e2e,5,6.2618560791015625
late_dense_eq_top1,e2e,6,6.274240016937256
late_dense_eq_top1,e2e,7,6.560671806335449
late_dense_eq_top1,e2e,8,6.2782721519470215
late_dense_eq_top1,e2e,9,6.51964807510376
late_dense_eq_top1,e2e,10,6.2740478515625
late_dense_eq_top1,e2e,11,6.237311840057373
late_dense_eq_top1,e2e,12,6.440959930419922
late_dense_eq_top1,e2e,13,6.164480209350586
late_dense_eq_top1,e2e,14,6.1551361083984375
late_dense_eq_top1,e2e,15,6.220992088317871
late_dense_eq_top1,e2e,16,6.14796781539917
late_dense_eq_top1,e2e,17,6.380544185638428
late_dense_eq_top1,e2e,18,6.166528224945068
late_dense_eq_top1,e2e,19,6.158720016479492
late_dense_eq_top1,e2e,20,6.364863872528076
late_dense_eq_top1,e2e,21,6.184959888458252
late_dense_eq_top1,e2e,22,6.159103870391846
late_dense_eq_top1,e2e,23,6.462463855743408
late_dense_eq_top1,e2e,24,6.155871868133545
late_dense_eq_top1,e2e,25,6.338560104370117
late_dense_eq_top1,e2e,26,6.177792072296143
late_dense_eq_top1,e2e,27,6.154079914093018
late_dense_eq_top1,e2e,28,6.38259220123291
late_dense_eq_top1,e2e,29,6.161503791809082
late_dense_eq_top1,e2e,30,6.155072212219238
late_dense_eq_top1,e2e,31,6.4694719314575195
late_dense_eq_top1,e2e,32,6.1675519943237305
late_dense_eq_top1,e2e,33,6.3087358474731445
late_dense_eq_top1,e2e,34,6.167520046234131
late_dense_eq_top1,e2e,35,6.177087783813477
late_dense_eq_top1,e2e,36,6.370304107666016
late_dense_eq_top1,e2e,37,6.181888103485107
late_dense_eq_top1,e2e,38,6.148799896240234
late_dense_eq_top1,e2e,39,6.4389119148254395
late_dense_eq_top1,e2e,40,6.170015811920166
late_dense_eq_top1,e2e,41,6.299327850341797
late_dense_eq_top1,e2e,42,6.196224212646484
late_dense_eq_top1,e2e,43,6.176991939544678
late_dense_eq_top1,e2e,44,6.347775936126709
late_dense_eq_top1,e2e,45,6.138976097106934
late_dense_eq_top1,e2e,46,6.139103889465332
late_dense_eq_top1,e2e,47,6.435840129852295
late_dense_eq_top1,e2e,48,6.135807991027832
late_dense_eq_top1,e2e,49,6.2915520668029785
late_dense_eq_top1,e2e,50,6.159776210784912
late_dense_eq_top1,e2e,51,6.163455963134766
late_dense_eq_top1,e2e,52,6.345727920532227
late_dense_eq_top1,e2e,53,6.130688190460205
late_dense_eq_top1,e2e,54,6.136896133422852
late_dense_eq_top1,e2e,55,6.5668158531188965
late_dense_eq_top1,e2e,56,6.14851188659668
late_dense_eq_top1,e2e,57,6.279071807861328
late_dense_eq_top1,e2e,58,6.159359931945801
late_dense_eq_top1,e2e,59,6.145088195800781
late_dense_eq_top1,e2e,60,6.364895820617676
late_dense_eq_top1,e2e,61,6.179840087890625
late_dense_eq_top1,e2e,62,6.139071941375732
late_dense_eq_top1,e2e,63,6.438047885894775
late_dense_eq_top1,e2e,64,6.1594557762146
late_dense_eq_top1,e2e,65,6.284287929534912
late_dense_eq_top1,e2e,66,6.142975807189941
late_dense_eq_top1,e2e,67,6.151167869567871
late_dense_eq_top1,e2e,68,6.34611177444458
late_dense_eq_top1,e2e,69,6.149824142456055
late_dense_eq_top1,e2e,70,6.138879776000977
late_dense_eq_top1,e2e,71,6.4337921142578125
late_dense_eq_top1,e2e,72,6.1375041007995605
late_dense_eq_top1,e2e,73,6.306848049163818
late_dense_eq_top1,e2e,74,6.162303924560547
late_dense_eq_top1,e2e,75,6.139904022216797
late_dense_eq_top1,e2e,76,6.3542399406433105
late_dense_eq_top1,e2e,77,6.12659215927124
late_dense_eq_top1,e2e,78,6.115327835083008
late_dense_eq_top1,e2e,79,6.3948798179626465
late_dense_eq_top1,e2e,80,6.12224006652832
late_dense_eq_top1,e2e,81,6.110208034515381
late_dense_eq_top1,e2e,82,6.274432182312012
late_dense_eq_top1,e2e,83,6.108287811279297
late_dense_eq_top1,e2e,84,6.263807773590088
late_dense_eq_top1,e2e,85,6.125760078430176
late_dense_eq_top1,e2e,86,6.1135358810424805
late_dense_eq_top1,e2e,87,6.329343795776367
late_dense_eq_top1,e2e,88,6.112256050109863
late_dense_eq_top1,e2e,89,6.128640174865723
late_dense_eq_top1,e2e,90,6.405280113220215
late_dense_eq_top1,e2e,91,6.12659215927124
late_dense_eq_top1,e2e,92,6.258687973022461
late_dense_eq_top1,e2e,93,6.163455963134766
late_dense_eq_top1,e2e,94,6.118239879608154
late_dense_eq_top1,e2e,95,6.320127964019775
late_dense_eq_top1,e2e,96,6.12659215927124
late_dense_eq_top1,e2e,97,6.108160018920898
late_dense_eq_top1,e2e,98,6.415487766265869
late_dense_eq_top1,e2e,99,6.112256050109863
late_dense_eq_top1,nms,0,5.8888959884643555
late_dense_eq_top1,nms,1,5.681056022644043
late_dense_eq_top1,nms,2,5.647359848022461
late_dense_eq_top1,nms,3,5.883008003234863
late_dense_eq_top1,nms,4,5.662559986114502
late_dense_eq_top1,nms,5,5.636096000671387
late_dense_eq_top1,nms,6,5.91871976852417
late_dense_eq_top1,nms,7,5.6493120193481445
late_dense_eq_top1,nms,8,5.637119770050049
late_dense_eq_top1,nms,9,5.921728134155273
late_dense_eq_top1,nms,10,5.6453118324279785
late_dense_eq_top1,nms,11,5.6453118324279785
late_dense_eq_top1,nms,12,5.961728096008301
late_dense_eq_top1,nms,13,5.632351875305176
late_dense_eq_top1,nms,14,5.619711875915527
late_dense_eq_top1,nms,15,5.910880088806152
late_dense_eq_top1,nms,16,5.608448028564453
late_dense_eq_top1,nms,17,5.598207950592041
late_dense_eq_top1,nms,18,5.707776069641113
late_dense_eq_top1,nms,19,5.602303981781006
late_dense_eq_top1,nms,20,5.61027193069458
late_dense_eq_top1,nms,21,5.67193603515625
late_dense_eq_top1,nms,22,5.609471797943115
late_dense_eq_top1,nms,23,5.606400012969971
late_dense_eq_top1,nms,24,5.464064121246338
late_dense_eq_top1,nms,25,5.609119892120361
late_dense_eq_top1,nms,26,5.612351894378662
late_dense_eq_top1,nms,27,5.453023910522461
late_dense_eq_top1,nms,28,5.609471797943115
late_dense_eq_top1,nms,29,5.612544059753418
late_dense_eq_top1,nms,30,5.463295936584473
late_dense_eq_top1,nms,31,5.607423782348633
late_dense_eq_top1,nms,32,5.608575820922852
late_dense_eq_top1,nms,33,5.459263801574707
late_dense_eq_top1,nms,34,5.6057281494140625
late_dense_eq_top1,nms,35,5.597184181213379
late_dense_eq_top1,nms,36,5.469183921813965
late_dense_eq_top1,nms,37,5.614367961883545
late_dense_eq_top1,nms,38,5.614528179168701
late_dense_eq_top1,nms,39,5.459968090057373
late_dense_eq_top1,nms,40,5.608767986297607
late_dense_eq_top1,nms,41,5.825535774230957
late_dense_eq_top1,nms,42,5.638815879821777
late_dense_eq_top1,nms,43,5.617663860321045
late_dense_eq_top1,nms,44,5.853184223175049
late_dense_eq_top1,nms,45,5.6248321533203125
late_dense_eq_top1,nms,46,5.607423782348633
late_dense_eq_top1,nms,47,5.835775852203369
late_dense_eq_top1,nms,48,5.623904228210449
late_dense_eq_top1,nms,49,5.608448028564453
late_dense_eq_top1,nms,50,5.83673620223999
late_dense_eq_top1,nms,51,5.621888160705566
late_dense_eq_top1,nms,52,5.59827184677124
late_dense_eq_top1,nms,53,5.841919898986816
late_dense_eq_top1,nms,54,5.61356782913208
late_dense_eq_top1,nms,55,5.606400012969971
late_dense_eq_top1,nms,56,5.850111961364746
late_dense_eq_top1,nms,57,5.62883186340332
late_dense_eq_top1,nms,58,5.6112961769104
late_dense_eq_top1,nms,59,5.905407905578613
late_dense_eq_top1,nms,60,5.612607955932617
late_dense_eq_top1,nms,61,5.609375953674316
late_dense_eq_top1,nms,62,5.900447845458984
late_dense_eq_top1,nms,63,5.6104960441589355
late_dense_eq_top1,nms,64,5.611648082733154
late_dense_eq_top1,nms,65,5.900288105010986
late_dense_eq_top1,nms,66,5.601280212402344
late_dense_eq_top1,nms,67,5.609471797943115
late_dense_eq_top1,nms,68,5.891327857971191
late_dense_eq_top1,nms,69,5.603328227996826
late_dense_eq_top1,nms,70,5.609248161315918
late_dense_eq_top1,nms,71,5.898143768310547
late_dense_eq_top1,nms,72,5.616640090942383
late_dense_eq_top1,nms,73,5.616608142852783
late_dense_eq_top1,nms,74,5.737279891967773
late_dense_eq_top1,nms,75,5.604095935821533
late_dense_eq_top1,nms,76,5.616640090942383
late_dense_eq_top1,nms,77,5.692800045013428
late_dense_eq_top1,nms,78,5.6145920753479
late_dense_eq_top1,nms,79,5.613503932952881
late_dense_eq_top1,nms,80,5.45904016494751
late_dense_eq_top1,nms,81,5.61081600189209
late_dense_eq_top1,nms,82,5.613759994506836
late_dense_eq_top1,nms,83,5.460991859436035
late_dense_eq_top1,nms,84,5.608479976654053
late_dense_eq_top1,nms,85,5.613344192504883
late_dense_eq_top1,nms,86,5.458975791931152
late_dense_eq_top1,nms,87,5.615488052368164
late_dense_eq_top1,nms,88,5.61356782913208
late_dense_eq_top1,nms,89,5.460991859436035
late_dense_eq_top1,nms,90,5.6104960441589355
late_dense_eq_top1,nms,91,5.615424156188965
late_dense_eq_top1,nms,92,5.46611213684082
late_dense_eq_top1,nms,93,5.6123199462890625
late_dense_eq_top1,nms,94,5.618688106536865
late_dense_eq_top1,nms,95,5.464064121246338
late_dense_eq_top1,nms,96,5.61843204498291
late_dense_eq_top1,nms,97,5.836544036865234
late_dense_eq_top1,nms,98,5.627903938293457
late_dense_eq_top1,nms,99,5.6030402183532715
late_dense_eq_top2,e2e,0,6.307839870452881
late_dense_eq_top2,e2e,1,6.391168117523193
late_dense_eq_top2,e2e,2,6.2979841232299805
late_dense_eq_top2,e2e,3,6.530176162719727
late_dense_eq_top2,e2e,4,6.284383773803711
late_dense_eq_top2,e2e,5,6.28223991394043
late_dense_eq_top2,e2e,6,6.608736038208008
late_dense_eq_top2,e2e,7,6.299551963806152
late_dense_eq_top2,e2e,8,6.453248023986816
late_dense_eq_top2,e2e,9,6.304031848907471
late_dense_eq_top2,e2e,10,6.285664081573486
late_dense_eq_top2,e2e,11,6.540287971496582
late_dense_eq_top2,e2e,12,6.181888103485107
late_dense_eq_top2,e2e,13,6.206463813781738
late_dense_eq_top2,e2e,14,6.5576958656311035
late_dense_eq_top2,e2e,15,6.2126078605651855
late_dense_eq_top2,e2e,16,6.360000133514404
late_dense_eq_top2,e2e,17,6.202367782592773
late_dense_eq_top2,e2e,18,6.190112113952637
late_dense_eq_top2,e2e,19,6.406464099884033
late_dense_eq_top2,e2e,20,6.193151950836182
late_dense_eq_top2,e2e,21,6.20527982711792
late_dense_eq_top2,e2e,22,6.485375881195068
late_dense_eq_top2,e2e,23,6.201119899749756
late_dense_eq_top2,e2e,24,6.338560104370117
late_dense_eq_top2,e2e,25,11.83737564086914
late_dense_eq_top2,e2e,26,9.78048038482666
late_dense_eq_top2,e2e,27,6.190080165863037
late_dense_eq_top2,e2e,28,6.368512153625488
late_dense_eq_top2,e2e,29,6.171584129333496
late_dense_eq_top2,e2e,30,6.169568061828613
late_dense_eq_top2,e2e,31,6.4580159187316895
late_dense_eq_top2,e2e,32,6.161183834075928
late_dense_eq_top2,e2e,33,6.171648025512695
late_dense_eq_top2,e2e,34,6.233920097351074
late_dense_eq_top2,e2e,35,6.176864147186279
late_dense_eq_top2,e2e,36,6.370304107666016
late_dense_eq_top2,e2e,37,6.1678080558776855
late_dense_eq_top2,e2e,38,6.164608001708984
late_dense_eq_top2,e2e,39,6.448480129241943
late_dense_eq_top2,e2e,40,6.156288146972656
late_dense_eq_top2,e2e,41,6.171648025512695
late_dense_eq_top2,e2e,42,6.4892802238464355
late_dense_eq_top2,e2e,43,6.207488059997559
late_dense_eq_top2,e2e,44,6.352191925048828
late_dense_eq_top2,e2e,45,6.225088119506836
late_dense_eq_top2,e2e,46,6.210559844970703
late_dense_eq_top2,e2e,47,6.476799964904785
late_dense_eq_top2,e2e,48,6.213727951049805
late_dense_eq_top2,e2e,49,6.208511829376221
late_dense_eq_top2,e2e,50,6.308864116668701
late_dense_eq_top2,e2e,51,6.194399833679199
late_dense_eq_top2,e2e,52,6.4235520362854
late_dense_eq_top2,e2e,53,6.1921281814575195
late_dense_eq_top2,e2e,54,6.215519905090332
late_dense_eq_top2,e2e,55,6.50819206237793
late_dense_eq_top2,e2e,56,6.194176197052002
late_dense_eq_top2,e2e,57,6.193183898925781
late_dense_eq_top2,e2e,58,6.293504238128662
late_dense_eq_top2,e2e,59,6.1939520835876465
late_dense_eq_top2,e2e,60,6.425216197967529
late_dense_eq_top2,e2e,61,6.189055919647217
late_dense_eq_top2,e2e,62,6.202367782592773
late_dense_eq_top2,e2e,63,6.511231899261475
late_dense_eq_top2,e2e,64,6.1921281814575195
late_dense_eq_top2,e2e,65,6.205440044403076
late_dense_eq_top2,e2e,66,6.265024185180664
late_dense_eq_top2,e2e,67,6.196095943450928
late_dense_eq_top2,e2e,68,6.416192054748535
late_dense_eq_top2,e2e,69,6.1972479820251465
late_dense_eq_top2,e2e,70,6.198272228240967
late_dense_eq_top2,e2e,71,6.4778242111206055
late_dense_eq_top2,e2e,72,6.204127788543701
late_dense_eq_top2,e2e,73,6.194015979766846
late_dense_eq_top2,e2e,74,6.228096008300781
late_dense_eq_top2,e2e,75,6.169727802276611
late_dense_eq_top2,e2e,76,6.370304107666016
late_dense_eq_top2,e2e,77,6.173920154571533
late_dense_eq_top2,e2e,78,6.162208080291748
late_dense_eq_top2,e2e,79,6.4449920654296875
late_dense_eq_top2,e2e,80,6.166880130767822
late_dense_eq_top2,e2e,81,6.160384178161621
late_dense_eq_top2,e2e,82,6.3600640296936035
late_dense_eq_top2,e2e,83,6.174367904663086
late_dense_eq_top2,e2e,84,6.162655830383301
late_dense_eq_top2,e2e,85,6.199456214904785
late_dense_eq_top2,e2e,86,6.1675519943237305
late_dense_eq_top2,e2e,87,6.366015911102295
late_dense_eq_top2,e2e,88,6.160384178161621
late_dense_eq_top2,e2e,89,6.170207977294922
late_dense_eq_top2,e2e,90,6.455296039581299
late_dense_eq_top2,e2e,91,6.155263900756836
late_dense_eq_top2,e2e,92,6.1735358238220215
late_dense_eq_top2,e2e,93,6.5240960121154785
late_dense_eq_top2,e2e,94,6.164576053619385
late_dense_eq_top2,e2e,95,6.366144180297852
late_dense_eq_top2,e2e,96,6.1544318199157715
late_dense_eq_top2,e2e,97,6.1624321937561035
late_dense_eq_top2,e2e,98,6.43993616104126
late_dense_eq_top2,e2e,99,6.1717119216918945
late_dense_eq_top2,nms,0,6.0498881340026855
late_dense_eq_top2,nms,1,5.685408115386963
late_dense_eq_top2,nms,2,5.661503791809082
late_dense_eq_top2,nms,3,5.873663902282715
late_dense_eq_top2,nms,4,5.662720203399658
late_dense_eq_top2,nms,5,5.6664958000183105
late_dense_eq_top2,nms,6,5.872543811798096
late_dense_eq_top2,nms,7,5.662367820739746
late_dense_eq_top2,nms,8,5.673088073730469
late_dense_eq_top2,nms,9,5.879807949066162
late_dense_eq_top2,nms,10,5.66864013671875
late_dense_eq_top2,nms,11,5.623807907104492
late_dense_eq_top2,nms,12,5.894144058227539
late_dense_eq_top2,nms,13,5.619711875915527
late_dense_eq_top2,nms,14,5.601280212402344
late_dense_eq_top2,nms,15,5.8888959884643555
late_dense_eq_top2,nms,16,5.597311973571777
late_dense_eq_top2,nms,17,5.607423782348633
late_dense_eq_top2,nms,18,5.889920234680176
late_dense_eq_top2,nms,19,5.6104960441589355
late_dense_eq_top2,nms,20,5.597280025482178
late_dense_eq_top2,nms,21,5.891071796417236
late_dense_eq_top2,nms,22,5.597184181213379
late_dense_eq_top2,nms,23,5.61356782913208
late_dense_eq_top2,nms,24,5.887199878692627
late_dense_eq_top2,nms,25,5.616640090942383
late_dense_eq_top2,nms,26,5.608448028564453
late_dense_eq_top2,nms,27,5.691199779510498
late_dense_eq_top2,nms,28,5.607615947723389
late_dense_eq_top2,nms,29,5.608448028564453
late_dense_eq_top2,nms,30,5.460288047790527
late_dense_eq_top2,nms,31,5.620736122131348
late_dense_eq_top2,nms,32,5.617663860321045
late_dense_eq_top2,nms,33,5.461023807525635
late_dense_eq_top2,nms,34,5.619743824005127
late_dense_eq_top2,nms,35,5.628928184509277
late_dense_eq_top2,nms,36,5.467135906219482
late_dense_eq_top2,nms,37,5.625855922698975
late_dense_eq_top2,nms,38,5.611616134643555
late_dense_eq_top2,nms,39,5.461376190185547
late_dense_eq_top2,nms,40,5.609471797943115
late_dense_eq_top2,nms,41,5.611519813537598
late_dense_eq_top2,nms,42,5.4713921546936035
late_dense_eq_top2,nms,43,5.606592178344727
late_dense_eq_top2,nms,44,5.850111961364746
late_dense_eq_top2,nms,45,5.61356782913208
late_dense_eq_top2,nms,46,5.603328227996826
late_dense_eq_top2,nms,47,5.809311866760254
late_dense_eq_top2,nms,48,5.604351997375488
late_dense_eq_top2,nms,49,5.619391918182373
late_dense_eq_top2,nms,50,5.849215984344482
late_dense_eq_top2,nms,51,5.620607852935791
late_dense_eq_top2,nms,52,5.654592037200928
late_dense_eq_top2,nms,53,5.863039970397949
late_dense_eq_top2,nms,54,5.6216959953308105
late_dense_eq_top2,nms,55,5.6145920753479
late_dense_eq_top2,nms,56,5.859551906585693
late_dense_eq_top2,nms,57,5.6104960441589355
late_dense_eq_top2,nms,58,5.604576110839844
late_dense_eq_top2,nms,59,5.840640068054199
late_dense_eq_top2,nms,60,5.612607955932617
late_dense_eq_top2,nms,61,5.608448028564453
late_dense_eq_top2,nms,62,5.890880107879639
late_dense_eq_top2,nms,63,5.607135772705078
late_dense_eq_top2,nms,64,5.606400012969971
late_dense_eq_top2,nms,65,5.899263858795166
late_dense_eq_top2,nms,66,5.611487865447998
late_dense_eq_top2,nms,67,5.6057281494140625
late_dense_eq_top2,nms,68,5.905407905578613
late_dense_eq_top2,nms,69,5.62883186340332
late_dense_eq_top2,nms,70,5.6156158447265625
late_dense_eq_top2,nms,71,5.896927833557129
late_dense_eq_top2,nms,72,5.614880084991455
late_dense_eq_top2,nms,73,5.601280212402344
late_dense_eq_top2,nms,74,5.909599781036377
late_dense_eq_top2,nms,75,5.603328227996826
late_dense_eq_top2,nms,76,5.605472087860107
late_dense_eq_top2,nms,77,5.7876482009887695
late_dense_eq_top2,nms,78,5.608352184295654
late_dense_eq_top2,nms,79,5.620736122131348
late_dense_eq_top2,nms,80,5.683328151702881
late_dense_eq_top2,nms,81,5.6104960441589355
late_dense_eq_top2,nms,82,5.606400012969971
late_dense_eq_top2,nms,83,5.458975791931152
late_dense_eq_top2,nms,84,5.60262393951416
late_dense_eq_top2,nms,85,5.609600067138672
late_dense_eq_top2,nms,86,5.45689582824707
late_dense_eq_top2,nms,87,5.608448028564453
late_dense_eq_top2,nms,88,5.609471797943115
late_dense_eq_top2,nms,89,5.458240032196045
late_dense_eq_top2,nms,90,5.6148481369018555
late_dense_eq_top2,nms,91,5.609471797943115
late_dense_eq_top2,nms,92,5.463039875030518
late_dense_eq_top2,nms,93,5.604351997375488
late_dense_eq_top2,nms,94,5.606400012969971
late_dense_eq_top2,nms,95,5.464064121246338
late_dense_eq_top2,nms,96,5.61356782913208
late_dense_eq_top2,nms,97,5.626719951629639
late_dense_eq_top2,nms,98,5.458943843841553
late_dense_eq_top2,nms,99,5.604351997375488
late_moe_2e_top1,e2e,0,9.034751892089844
late_moe_2e_top1,e2e,1,9.240351676940918
late_moe_2e_top1,e2e,2,9.00819206237793
late_moe_2e_top1,e2e,3,9.291872024536133
late_moe_2e_top1,e2e,4,8.978431701660156
late_moe_2e_top1,e2e,5,9.202688217163086
late_moe_2e_top1,e2e,6,8.98969554901123
late_moe_2e_top1,e2e,7,9.00607967376709
late_moe_2e_top1,e2e,8,8.998016357421875
late_moe_2e_top1,e2e,9,8.992639541625977
late_moe_2e_top1,e2e,10,9.180159568786621
late_moe_2e_top1,e2e,11,8.974207878112793
late_moe_2e_top1,e2e,12,9.241408348083496
late_moe_2e_top1,e2e,13,8.985759735107422
late_moe_2e_top1,e2e,14,9.237471580505371
late_moe_2e_top1,e2e,15,8.97766399383545
late_moe_2e_top1,e2e,16,9.304256439208984
late_moe_2e_top1,e2e,17,9.079999923706055
late_moe_2e_top1,e2e,18,8.98367977142334
late_moe_2e_top1,e2e,19,8.993791580200195
late_moe_2e_top1,e2e,20,8.985247611999512
late_moe_2e_top1,e2e,21,9.215999603271484
late_moe_2e_top1,e2e,22,8.99071979522705
late_moe_2e_top1,e2e,23,9.217791557312012
late_moe_2e_top1,e2e,24,8.976448059082031
late_moe_2e_top1,e2e,25,9.613247871398926
late_moe_2e_top1,e2e,26,9.151647567749023
late_moe_2e_top1,e2e,27,9.331456184387207
late_moe_2e_top1,e2e,28,9.087295532226562
late_moe_2e_top1,e2e,29,9.022591590881348
late_moe_2e_top1,e2e,30,9.002655982971191
late_moe_2e_top1,e2e,31,8.963071823120117
late_moe_2e_top1,e2e,32,9.281344413757324
late_moe_2e_top1,e2e,33,9.044032096862793
late_moe_2e_top1,e2e,34,9.236479759216309
late_moe_2e_top1,e2e,35,9.01200008392334
late_moe_2e_top1,e2e,36,9.232799530029297
late_moe_2e_top1,e2e,37,8.979328155517578
late_moe_2e_top1,e2e,38,9.258784294128418
late_moe_2e_top1,e2e,39,9.147392272949219
late_moe_2e_top1,e2e,40,8.994527816772461
late_moe_2e_top1,e2e,41,8.9999361038208
late_moe_2e_top1,e2e,42,8.965120315551758
late_moe_2e_top1,e2e,43,8.99788761138916
late_moe_2e_top1,e2e,44,8.966143608093262
late_moe_2e_top1,e2e,45,9.20083236694336
late_moe_2e_top1,e2e,46,8.962047576904297
late_moe_2e_top1,e2e,47,9.204416275024414
late_moe_2e_top1,e2e,48,8.954879760742188
late_moe_2e_top1,e2e,49,9.30793571472168
late_moe_2e_top1,e2e,50,9.078080177307129
late_moe_2e_top1,e2e,51,9.307135581970215
late_moe_2e_top1,e2e,52,9.026944160461426
late_moe_2e_top1,e2e,53,8.978336334228516
late_moe_2e_top1,e2e,54,9.02444839477539
late_moe_2e_top1,e2e,55,8.992768287658691
late_moe_2e_top1,e2e,56,9.234432220458984
late_moe_2e_top1,e2e,57,8.98243236541748
late_moe_2e_top1,e2e,58,9.231743812561035
late_moe_2e_top1,e2e,59,8.981504440307617
late_moe_2e_top1,e2e,60,9.292096138000488
late_moe_2e_top1,e2e,61,9.000864028930664
late_moe_2e_top1,e2e,62,9.307040214538574
late_moe_2e_top1,e2e,63,9.015551567077637
late_moe_2e_top1,e2e,64,8.983872413635254
late_moe_2e_top1,e2e,65,9.01411247253418
late_moe_2e_top1,e2e,66,8.958975791931152
late_moe_2e_top1,e2e,67,9.232383728027344
late_moe_2e_top1,e2e,68,8.979455947875977
late_moe_2e_top1,e2e,69,9.233504295349121
late_moe_2e_top1,e2e,70,8.988672256469727
late_moe_2e_top1,e2e,71,9.247743606567383
late_moe_2e_top1,e2e,72,9.013504028320312
late_moe_2e_top1,e2e,73,9.30297565460205
late_moe_2e_top1,e2e,74,9.146368026733398
late_moe_2e_top1,e2e,75,8.99071979522705
late_moe_2e_top1,e2e,76,8.981727600097656
late_moe_2e_top1,e2e,77,8.991744041442871
late_moe_2e_top1,e2e,78,9.014559745788574
late_moe_2e_top1,e2e,79,8.994688034057617
late_moe_2e_top1,e2e,80,9.230143547058105
late_moe_2e_top1,e2e,81,9.000224113464355
late_moe_2e_top1,e2e,82,9.235072135925293
late_moe_2e_top1,e2e,83,8.985600471496582
late_moe_2e_top1,e2e,84,9.309311866760254
late_moe_2e_top1,e2e,85,9.01756763458252
late_moe_2e_top1,e2e,86,9.126591682434082
late_moe_2e_top1,e2e,87,9.012224197387695
late_moe_2e_top1,e2e,88,8.991744041442871
late_moe_2e_top1,e2e,89,9.068608283996582
late_moe_2e_top1,e2e,90,8.977408409118652
late_moe_2e_top1,e2e,91,9.102399826049805
late_moe_2e_top1,e2e,92,8.985600471496582
late_moe_2e_top1,e2e,93,9.245696067810059
late_moe_2e_top1,e2e,94,8.99891185760498
late_moe_2e_top1,e2e,95,9.31942367553711
late_moe_2e_top1,e2e,96,8.968223571777344
late_moe_2e_top1,e2e,97,9.313952445983887
late_moe_2e_top1,e2e,98,9.004672050476074
late_moe_2e_top1,e2e,99,9.010368347167969
late_moe_2e_top1,nms,0,8.21622371673584
late_moe_2e_top1,nms,1,8.506367683410645
late_moe_2e_top1,nms,2,8.193023681640625
late_moe_2e_top1,nms,3,8.515583992004395
late_moe_2e_top1,nms,4,8.194047927856445
late_moe_2e_top1,nms,5,8.486016273498535
late_moe_2e_top1,nms,6,8.212479591369629
late_moe_2e_top1,nms,7,8.527008056640625
late_moe_2e_top1,nms,8,8.209407806396484
late_moe_2e_top1,nms,9,8.528575897216797
late_moe_2e_top1,nms,10,8.2042875289917
late_moe_2e_top1,nms,11,8.491007804870605
late_moe_2e_top1,nms,12,8.221695899963379
late_moe_2e_top1,nms,13,8.51251220703125
late_moe_2e_top1,nms,14,8.21350383758545
late_moe_2e_top1,nms,15,8.512160301208496
late_moe_2e_top1,nms,16,8.226816177368164
late_moe_2e_top1,nms,17,8.51142406463623
late_moe_2e_top1,nms,18,8.208160400390625
late_moe_2e_top1,nms,19,8.643487930297852
late_moe_2e_top1,nms,20,8.291328430175781
late_moe_2e_top1,nms,21,8.500224113464355
late_moe_2e_top1,nms,22,8.209407806396484
late_moe_2e_top1,nms,23,8.524703979492188
late_moe_2e_top1,nms,24,8.209216117858887
late_moe_2e_top1,nms,25,8.510111808776855
late_moe_2e_top1,nms,26,8.213248252868652
late_moe_2e_top1,nms,27,8.520959854125977
late_moe_2e_top1,nms,28,8.242176055908203
late_moe_2e_top1,nms,29,8.540160179138184
late_moe_2e_top1,nms,30,8.210432052612305
late_moe_2e_top1,nms,31,8.505696296691895
late_moe_2e_top1,nms,32,8.216416358947754
late_moe_2e_top1,nms,33,8.526559829711914
late_moe_2e_top1,nms,34,8.220383644104004
late_moe_2e_top1,nms,35,8.561856269836426
late_moe_2e_top1,nms,36,8.301568031311035
late_moe_2e_top1,nms,37,8.563712120056152
late_moe_2e_top1,nms,38,8.214752197265625
late_moe_2e_top1,nms,39,8.543423652648926
late_moe_2e_top1,nms,40,8.32198429107666
late_moe_2e_top1,nms,41,8.523551940917969
late_moe_2e_top1,nms,42,8.2042875289917
late_moe_2e_top1,nms,43,8.563712120056152
late_moe_2e_top1,nms,44,8.217856407165527
late_moe_2e_top1,nms,45,8.419424057006836
late_moe_2e_top1,nms,46,8.222432136535645
late_moe_2e_top1,nms,47,8.553152084350586
late_moe_2e_top1,nms,48,8.245247840881348
late_moe_2e_top1,nms,49,8.416255950927734
late_moe_2e_top1,nms,50,8.290304183959961
late_moe_2e_top1,nms,51,8.392383575439453
late_moe_2e_top1,nms,52,8.215583801269531
late_moe_2e_top1,nms,53,8.505215644836426
late_moe_2e_top1,nms,54,8.202239990234375
late_moe_2e_top1,nms,55,8.521727561950684
late_moe_2e_top1,nms,56,8.261631965637207
late_moe_2e_top1,nms,57,8.49407958984375
late_moe_2e_top1,nms,58,8.22441577911377
late_moe_2e_top1,nms,59,8.546208381652832
late_moe_2e_top1,nms,60,8.208415985107422
late_moe_2e_top1,nms,61,8.535648345947266
late_moe_2e_top1,nms,62,8.238080024719238
late_moe_2e_top1,nms,63,8.580831527709961
late_moe_2e_top1,nms,64,8.333727836608887
late_moe_2e_top1,nms,65,8.447903633117676
late_moe_2e_top1,nms,66,8.229567527770996
late_moe_2e_top1,nms,67,8.3886079788208
late_moe_2e_top1,nms,68,8.23094367980957
late_moe_2e_top1,nms,69,8.53007984161377
late_moe_2e_top1,nms,70,8.217344284057617
late_moe_2e_top1,nms,71,8.450048446655273
late_moe_2e_top1,nms,72,8.220383644104004
late_moe_2e_top1,nms,73,8.55247974395752
late_moe_2e_top1,nms,74,8.211392402648926
late_moe_2e_top1,nms,75,8.522751808166504
late_moe_2e_top1,nms,76,8.2227201461792
late_moe_2e_top1,nms,77,8.41971206665039
late_moe_2e_top1,nms,78,8.209407806396484
late_moe_2e_top1,nms,79,8.525535583496094
late_moe_2e_top1,nms,80,8.205599784851074
late_moe_2e_top1,nms,81,8.524800300598145
late_moe_2e_top1,nms,82,8.211456298828125
late_moe_2e_top1,nms,83,8.52070426940918
late_moe_2e_top1,nms,84,8.232959747314453
late_moe_2e_top1,nms,85,8.52070426940918
late_moe_2e_top1,nms,86,8.23408031463623
late_moe_2e_top1,nms,87,8.543231964111328
late_moe_2e_top1,nms,88,8.19916820526123
late_moe_2e_top1,nms,89,8.536064147949219
late_moe_2e_top1,nms,90,8.217599868774414
late_moe_2e_top1,nms,91,8.530976295471191
late_moe_2e_top1,nms,92,8.205568313598633
late_moe_2e_top1,nms,93,8.507712364196777
late_moe_2e_top1,nms,94,8.22105598449707
late_moe_2e_top1,nms,95,8.520416259765625
late_moe_2e_top1,nms,96,8.217599868774414
late_moe_2e_top1,nms,97,8.479392051696777
late_moe_2e_top1,nms,98,8.219648361206055
late_moe_2e_top1,nms,99,8.536064147949219
late_moe_2e_top2,e2e,0,9.393888473510742
late_moe_2e_top2,e2e,1,9.1943359375
late_moe_2e_top2,e2e,2,9.431327819824219
late_moe_2e_top2,e2e,3,9.20787239074707
late_moe_2e_top2,e2e,4,9.536864280700684
late_moe_2e_top2,e2e,5,9.361760139465332
late_moe_2e_top2,e2e,6,9.20793628692627
late_moe_2e_top2,e2e,7,9.201663970947266
late_moe_2e_top2,e2e,8,9.184255599975586
late_moe_2e_top2,e2e,9,9.367551803588867
late_moe_2e_top2,e2e,10,9.179136276245117
late_moe_2e_top2,e2e,11,9.423744201660156
late_moe_2e_top2,e2e,12,9.193087577819824
late_moe_2e_top2,e2e,13,9.480192184448242
late_moe_2e_top2,e2e,14,9.356287956237793
late_moe_2e_top2,e2e,15,9.170944213867188
late_moe_2e_top2,e2e,16,9.177087783813477
late_moe_2e_top2,e2e,17,9.175968170166016
late_moe_2e_top2,e2e,18,9.381088256835938
late_moe_2e_top2,e2e,19,9.168255805969238
late_moe_2e_top2,e2e,20,9.466879844665527
late_moe_2e_top2,e2e,21,9.1975679397583
late_moe_2e_top2,e2e,22,9.480192184448242
late_moe_2e_top2,e2e,23,9.194432258605957
late_moe_2e_top2,e2e,24,9.267487525939941
late_moe_2e_top2,e2e,25,9.254912376403809
late_moe_2e_top2,e2e,26,9.22009563446045
late_moe_2e_top2,e2e,27,9.434944152832031
late_moe_2e_top2,e2e,28,9.197855949401855
late_moe_2e_top2,e2e,29,9.42796802520752
late_moe_2e_top2,e2e,30,9.180288314819336
late_moe_2e_top2,e2e,31,9.5098876953125
late_moe_2e_top2,e2e,32,9.199616432189941
late_moe_2e_top2,e2e,33,9.653440475463867
late_moe_2e_top2,e2e,34,9.404191970825195
late_moe_2e_top2,e2e,35,9.20576000213623
late_moe_2e_top2,e2e,36,9.30303955078125
late_moe_2e_top2,e2e,37,9.160479545593262
late_moe_2e_top2,e2e,38,9.403743743896484
late_moe_2e_top2,e2e,39,9.154272079467773
late_moe_2e_top2,e2e,40,9.463808059692383
late_moe_2e_top2,e2e,41,9.138496398925781
late_moe_2e_top2,e2e,42,9.2457275390625
late_moe_2e_top2,e2e,43,9.165823936462402
late_moe_2e_top2,e2e,44,9.21292781829834
late_moe_2e_top2,e2e,45,9.379839897155762
late_moe_2e_top2,e2e,46,9.1461763381958
late_moe_2e_top2,e2e,47,9.417728424072266
late_moe_2e_top2,e2e,48,9.198304176330566
late_moe_2e_top2,e2e,49,9.536479949951172
late_moe_2e_top2,e2e,50,9.249792098999023
late_moe_2e_top2,e2e,51,9.393535614013672
late_moe_2e_top2,e2e,52,9.32863998413086
late_moe_2e_top2,e2e,53,9.239551544189453
late_moe_2e_top2,e2e,54,9.452896118164062
late_moe_2e_top2,e2e,55,9.187328338623047
late_moe_2e_top2,e2e,56,9.378815650939941
late_moe_2e_top2,e2e,57,9.315391540527344
late_moe_2e_top2,e2e,58,9.769184112548828
late_moe_2e_top2,e2e,59,9.417728424072266
late_moe_2e_top2,e2e,60,9.19155216217041
late_moe_2e_top2,e2e,61,9.182208061218262
late_moe_2e_top2,e2e,62,9.199616432189941
late_moe_2e_top2,e2e,63,9.4552640914917
late_moe_2e_top2,e2e,64,9.222304344177246
late_moe_2e_top2,e2e,65,9.476096153259277
late_moe_2e_top2,e2e,66,9.236479759216309
late_moe_2e_top2,e2e,67,9.520256042480469
late_moe_2e_top2,e2e,68,9.352191925048828
late_moe_2e_top2,e2e,69,9.225215911865234
late_moe_2e_top2,e2e,70,9.284607887268066
late_moe_2e_top2,e2e,71,9.191295623779297
late_moe_2e_top2,e2e,72,9.404607772827148
late_moe_2e_top2,e2e,73,9.23136043548584
late_moe_2e_top2,e2e,74,9.453568458557129
late_moe_2e_top2,e2e,75,9.186495780944824
late_moe_2e_top2,e2e,76,9.501952171325684
late_moe_2e_top2,e2e,77,9.341888427734375
late_moe_2e_top2,e2e,78,9.246463775634766
late_moe_2e_top2,e2e,79,9.202688217163086
late_moe_2e_top2,e2e,80,9.209152221679688
late_moe_2e_top2,e2e,81,9.383071899414062
late_moe_2e_top2,e2e,82,9.202688217163086
late_moe_2e_top2,e2e,83,9.43887996673584
late_moe_2e_top2,e2e,84,9.223520278930664
late_moe_2e_top2,e2e,85,9.537535667419434
late_moe_2e_top2,e2e,86,9.227264404296875
late_moe_2e_top2,e2e,87,9.21884822845459
late_moe_2e_top2,e2e,88,9.27462387084961
late_moe_2e_top2,e2e,89,9.191424369812012
late_moe_2e_top2,e2e,90,9.424832344055176
late_moe_2e_top2,e2e,91,9.191424369812012
late_moe_2e_top2,e2e,92,9.437567710876465
late_moe_2e_top2,e2e,93,9.205663681030273
late_moe_2e_top2,e2e,94,9.591808319091797
late_moe_2e_top2,e2e,95,9.329504013061523
late_moe_2e_top2,e2e,96,9.378815650939941
late_moe_2e_top2,e2e,97,9.422847747802734
late_moe_2e_top2,e2e,98,9.177408218383789
late_moe_2e_top2,e2e,99,9.438495635986328
late_moe_2e_top2,nms,0,8.56704044342041
late_moe_2e_top2,nms,1,8.544320106506348
late_moe_2e_top2,nms,2,8.478591918945312
late_moe_2e_top2,nms,3,8.476672172546387
late_moe_2e_top2,nms,4,8.538399696350098
late_moe_2e_top2,nms,5,8.485919952392578
late_moe_2e_top2,nms,6,8.790656089782715
late_moe_2e_top2,nms,7,8.526847839355469
late_moe_2e_top2,nms,8,8.653823852539062
late_moe_2e_top2,nms,9,8.50051212310791
late_moe_2e_top2,nms,10,8.682784080505371
late_moe_2e_top2,nms,11,8.538111686706543
late_moe_2e_top2,nms,12,8.752896308898926
late_moe_2e_top2,nms,13,8.496959686279297
late_moe_2e_top2,nms,14,8.716287612915039
late_moe_2e_top2,nms,15,8.463295936584473
late_moe_2e_top2,nms,16,8.73084831237793
late_moe_2e_top2,nms,17,8.49407958984375
late_moe_2e_top2,nms,18,8.706239700317383
late_moe_2e_top2,nms,19,8.523776054382324
late_moe_2e_top2,nms,20,8.784064292907715
late_moe_2e_top2,nms,21,8.532992362976074
late_moe_2e_top2,nms,22,8.828800201416016
late_moe_2e_top2,nms,23,8.507552146911621
late_moe_2e_top2,nms,24,8.82204818725586
late_moe_2e_top2,nms,25,8.531999588012695
late_moe_2e_top2,nms,26,8.793984413146973
late_moe_2e_top2,nms,27,8.518431663513184
late_moe_2e_top2,nms,28,8.751487731933594
late_moe_2e_top2,nms,29,8.539039611816406
late_moe_2e_top2,nms,30,8.589311599731445
late_moe_2e_top2,nms,31,8.61900806427002
late_moe_2e_top2,nms,32,8.527872085571289
late_moe_2e_top2,nms,33,8.562687873840332
late_moe_2e_top2,nms,34,8.54537582397461
late_moe_2e_top2,nms,35,8.553567886352539
late_moe_2e_top2,nms,36,8.583168029785156
late_moe_2e_top2,nms,37,8.537088394165039
late_moe_2e_top2,nms,38,8.575360298156738
late_moe_2e_top2,nms,39,8.523743629455566
late_moe_2e_top2,nms,40,8.445952415466309
late_moe_2e_top2,nms,41,8.782879829406738
late_moe_2e_top2,nms,42,8.537088394165039
late_moe_2e_top2,nms,43,8.629247665405273
late_moe_2e_top2,nms,44,8.416255950927734
late_moe_2e_top2,nms,45,8.58902359008789
late_moe_2e_top2,nms,46,8.427519798278809
late_moe_2e_top2,nms,47,8.592384338378906
late_moe_2e_top2,nms,48,8.382335662841797
late_moe_2e_top2,nms,49,8.535200119018555
late_moe_2e_top2,nms,50,8.416543960571289
late_moe_2e_top2,nms,51,8.633503913879395
late_moe_2e_top2,nms,52,8.418496131896973
late_moe_2e_top2,nms,53,8.639519691467285
late_moe_2e_top2,nms,54,8.40499210357666
late_moe_2e_top2,nms,55,8.71286392211914
late_moe_2e_top2,nms,56,8.46777629852295
late_moe_2e_top2,nms,57,8.684351921081543
late_moe_2e_top2,nms,58,8.462688446044922
late_moe_2e_top2,nms,59,8.718367576599121
late_moe_2e_top2,nms,60,8.47321605682373
late_moe_2e_top2,nms,61,8.642560005187988
late_moe_2e_top2,nms,62,8.501312255859375
late_moe_2e_top2,nms,63,8.657919883728027
late_moe_2e_top2,nms,64,8.496095657348633
late_moe_2e_top2,nms,65,8.776703834533691
late_moe_2e_top2,nms,66,8.569600105285645
late_moe_2e_top2,nms,67,9.0098876953125
late_moe_2e_top2,nms,68,8.534144401550293
late_moe_2e_top2,nms,69,8.730624198913574
late_moe_2e_top2,nms,70,8.41971206665039
late_moe_2e_top2,nms,71,8.606752395629883
late_moe_2e_top2,nms,72,8.437664031982422
late_moe_2e_top2,nms,73,8.515456199645996
late_moe_2e_top2,nms,74,8.615776062011719
late_moe_2e_top2,nms,75,8.533120155334473
late_moe_2e_top2,nms,76,8.500224113464355
late_moe_2e_top2,nms,77,8.473664283752441
late_moe_2e_top2,nms,78,8.60262393951416
late_moe_2e_top2,nms,79,8.583168029785156
late_moe_2e_top2,nms,80,8.52070426940918
late_moe_2e_top2,nms,81,8.500191688537598
late_moe_2e_top2,nms,82,8.623104095458984
late_moe_2e_top2,nms,83,8.511296272277832
late_moe_2e_top2,nms,84,8.489983558654785
late_moe_2e_top2,nms,85,8.452095985412598
late_moe_2e_top2,nms,86,8.515616416931152
late_moe_2e_top2,nms,87,8.449376106262207
late_moe_2e_top2,nms,88,8.705183982849121
late_moe_2e_top2,nms,89,8.445952415466309
late_moe_2e_top2,nms,90,8.773504257202148
late_moe_2e_top2,nms,91,8.449728012084961
late_moe_2e_top2,nms,92,8.641535758972168
late_moe_2e_top2,nms,93,8.417119979858398
late_moe_2e_top2,nms,94,8.699904441833496
late_moe_2e_top2,nms,95,8.462335586547852
late_moe_2e_top2,nms,96,8.753120422363281
late_moe_2e_top2,nms,97,8.440159797668457
late_moe_2e_top2,nms,98,8.749823570251465
late_moe_2e_top2,nms,99,8.425472259521484
late_moe_4e_top1,e2e,0,9.296895980834961
late_moe_4e_top1,e2e,1,9.036800384521484
late_moe_4e_top1,e2e,2,9.329695701599121
late_moe_4e_top1,e2e,3,9.044992446899414
late_moe_4e_top1,e2e,4,9.354240417480469
late_moe_4e_top1,e2e,5,9.064448356628418
late_moe_4e_top1,e2e,6,9.055232048034668
late_moe_4e_top1,e2e,7,9.045727729797363
late_moe_4e_top1,e2e,8,9.046784400939941
late_moe_4e_top1,e2e,9,9.300895690917969
late_moe_4e_top1,e2e,10,9.02451229095459
late_moe_4e_top1,e2e,11,9.253087997436523
late_moe_4e_top1,e2e,12,9.020352363586426
late_moe_4e_top1,e2e,13,9.345952033996582
late_moe_4e_top1,e2e,14,9.033568382263184
late_moe_4e_top1,e2e,15,9.12060832977295
late_moe_4e_top1,e2e,16,9.10540771484375
late_moe_4e_top1,e2e,17,9.042943954467773
late_moe_4e_top1,e2e,18,9.09222412109375
late_moe_4e_top1,e2e,19,9.06272029876709
late_moe_4e_top1,e2e,20,9.265983581542969
late_moe_4e_top1,e2e,21,9.015359878540039
late_moe_4e_top1,e2e,22,9.268320083618164
late_moe_4e_top1,e2e,23,9.038080215454102
late_moe_4e_top1,e2e,24,9.310432434082031
late_moe_4e_top1,e2e,25,9.252863883972168
late_moe_4e_top1,e2e,26,9.066495895385742
late_moe_4e_top1,e2e,27,9.141087532043457
late_moe_4e_top1,e2e,28,9.081855773925781
late_moe_4e_top1,e2e,29,9.340991973876953
late_moe_4e_top1,e2e,30,9.072640419006348
late_moe_4e_top1,e2e,31,9.413887977600098
late_moe_4e_top1,e2e,32,9.004927635192871
late_moe_4e_top1,e2e,33,9.325568199157715
late_moe_4e_top1,e2e,34,9.037440299987793
late_moe_4e_top1,e2e,35,9.288991928100586
late_moe_4e_top1,e2e,36,9.146271705627441
late_moe_4e_top1,e2e,37,9.371328353881836
late_moe_4e_top1,e2e,38,9.475839614868164
late_moe_4e_top1,e2e,39,9.064640045166016
late_moe_4e_top1,e2e,40,9.344991683959961
late_moe_4e_top1,e2e,41,8.996864318847656
late_moe_4e_top1,e2e,42,9.2293119430542
late_moe_4e_top1,e2e,43,9.022303581237793
late_moe_4e_top1,e2e,44,9.3024320602417
late_moe_4e_top1,e2e,45,9.091263771057129
late_moe_4e_top1,e2e,46,9.075712203979492
late_moe_4e_top1,e2e,47,9.169919967651367
late_moe_4e_top1,e2e,48,9.02627182006836
late_moe_4e_top1,e2e,49,9.361408233642578
late_moe_4e_top1,e2e,50,8.988672256469727
late_moe_4e_top1,e2e,51,9.264127731323242
late_moe_4e_top1,e2e,52,8.962976455688477
late_moe_4e_top1,e2e,53,9.399264335632324
late_moe_4e_top1,e2e,54,8.981311798095703
late_moe_4e_top1,e2e,55,9.260031700134277
late_moe_4e_top1,e2e,56,9.073663711547852
late_moe_4e_top1,e2e,57,8.9749755859375
late_moe_4e_top1,e2e,58,9.110527992248535
late_moe_4e_top1,e2e,59,8.996095657348633
late_moe_4e_top1,e2e,60,9.325152397155762
late_moe_4e_top1,e2e,61,8.971487998962402
late_moe_4e_top1,e2e,62,9.32966423034668
late_moe_4e_top1,e2e,63,8.993663787841797
late_moe_4e_top1,e2e,64,9.31612777709961
late_moe_4e_top1,e2e,65,8.993791580200195
late_moe_4e_top1,e2e,66,9.203712463378906
late_moe_4e_top1,e2e,67,9.102335929870605
late_moe_4e_top1,e2e,68,8.99788761138916
late_moe_4e_top1,e2e,69,9.128959655761719
late_moe_4e_top1,e2e,70,8.994048118591309
late_moe_4e_top1,e2e,71,9.271391868591309
late_moe_4e_top1,e2e,72,8.99459171295166
late_moe_4e_top1,e2e,73,9.27244758605957
late_moe_4e_top1,e2e,74,9.014368057250977
late_moe_4e_top1,e2e,75,9.307040214538574
late_moe_4e_top1,e2e,76,9.000960350036621
late_moe_4e_top1,e2e,77,9.142463684082031
late_moe_4e_top1,e2e,78,9.133952140808105
late_moe_4e_top1,e2e,79,8.992768287658691
late_moe_4e_top1,e2e,80,9.141247749328613
late_moe_4e_top1,e2e,81,8.98630428314209
late_moe_4e_top1,e2e,82,9.309215545654297
late_moe_4e_top1,e2e,83,8.993599891662598
late_moe_4e_top1,e2e,84,9.252799987792969
late_moe_4e_top1,e2e,85,9.033727645874023
late_moe_4e_top1,e2e,86,9.466879844665527
late_moe_4e_top1,e2e,87,9.163647651672363
late_moe_4e_top1,e2e,88,9.114303588867188
late_moe_4e_top1,e2e,89,9.157983779907227
late_moe_4e_top1,e2e,90,8.997535705566406
late_moe_4e_top1,e2e,91,9.336544036865234
late_moe_4e_top1,e2e,92,9.02451229095459
late_moe_4e_top1,e2e,93,9.297920227050781
late_moe_4e_top1,e2e,94,9.004032135009766
late_moe_4e_top1,e2e,95,9.367551803588867
late_moe_4e_top1,e2e,96,9.001664161682129
late_moe_4e_top1,e2e,97,9.33078384399414
late_moe_4e_top1,e2e,98,9.123647689819336
late_moe_4e_top1,e2e,99,8.996864318847656
late_moe_4e_top1,nms,0,8.36950397491455
late_moe_4e_top1,nms,1,8.335488319396973
late_moe_4e_top1,nms,2,8.419679641723633
late_moe_4e_top1,nms,3,8.315903663635254
late_moe_4e_top1,nms,4,8.401951789855957
late_moe_4e_top1,nms,5,8.312543869018555
late_moe_4e_top1,nms,6,8.31283187866211
late_moe_4e_top1,nms,7,8.321727752685547
late_moe_4e_top1,nms,8,8.37440013885498
late_moe_4e_top1,nms,9,8.371199607849121
late_moe_4e_top1,nms,10,8.352767944335938
late_moe_4e_top1,nms,11,8.310784339904785
late_moe_4e_top1,nms,12,8.32483196258545
late_moe_4e_top1,nms,13,8.28003215789795
late_moe_4e_top1,nms,14,8.299519538879395
late_moe_4e_top1,nms,15,8.339327812194824
late_moe_4e_top1,nms,16,8.341504096984863
late_moe_4e_top1,nms,17,8.32483196258545
late_moe_4e_top1,nms,18,8.902527809143066
late_moe_4e_top1,nms,19,8.34118366241455
late_moe_4e_top1,nms,20,8.683648109436035
late_moe_4e_top1,nms,21,8.314911842346191
late_moe_4e_top1,nms,22,8.49187183380127
late_moe_4e_top1,nms,23,8.302623748779297
late_moe_4e_top1,nms,24,8.416064262390137
late_moe_4e_top1,nms,25,8.242815971374512
late_moe_4e_top1,nms,26,8.36736011505127
late_moe_4e_top1,nms,27,8.228768348693848
late_moe_4e_top1,nms,28,8.407039642333984
late_moe_4e_top1,nms,29,8.231648445129395
late_moe_4e_top1,nms,30,8.351424217224121
late_moe_4e_top1,nms,31,8.241375923156738
late_moe_4e_top1,nms,32,8.392767906188965
late_moe_4e_top1,nms,33,8.218624114990234
late_moe_4e_top1,nms,34,8.337056159973145
late_moe_4e_top1,nms,35,8.299519538879395
late_moe_4e_top1,nms,36,8.351743698120117
late_moe_4e_top1,nms,37,8.268799781799316
late_moe_4e_top1,nms,38,8.3056640625
late_moe_4e_top1,nms,39,8.30361557006836
late_moe_4e_top1,nms,40,8.317919731140137
late_moe_4e_top1,nms,41,8.278752326965332
late_moe_4e_top1,nms,42,8.298368453979492
late_moe_4e_top1,nms,43,8.297439575195312
late_moe_4e_top1,nms,44,8.318976402282715
late_moe_4e_top1,nms,45,8.294400215148926
late_moe_4e_top1,nms,46,8.28713607788086
late_moe_4e_top1,nms,47,8.342528343200684
late_moe_4e_top1,nms,48,8.361791610717773
late_moe_4e_top1,nms,49,8.352767944335938
late_moe_4e_top1,nms,50,8.321023941040039
late_moe_4e_top1,nms,51,8.288991928100586
late_moe_4e_top1,nms,52,8.330240249633789
late_moe_4e_top1,nms,53,8.272895812988281
late_moe_4e_top1,nms,54,8.38758373260498
late_moe_4e_top1,nms,55,8.268896102905273
late_moe_4e_top1,nms,56,8.398176193237305
late_moe_4e_top1,nms,57,8.26688003540039
late_moe_4e_top1,nms,58,8.417280197143555
late_moe_4e_top1,nms,59,8.293312072753906
late_moe_4e_top1,nms,60,8.404831886291504
late_moe_4e_top1,nms,61,8.298912048339844
late_moe_4e_top1,nms,62,8.437760353088379
late_moe_4e_top1,nms,63,8.275263786315918
late_moe_4e_top1,nms,64,8.22374439239502
late_moe_4e_top1,nms,65,8.135904312133789
late_moe_4e_top1,nms,66,8.19206428527832
late_moe_4e_top1,nms,67,8.292672157287598
late_moe_4e_top1,nms,68,8.236031532287598
late_moe_4e_top1,nms,69,8.410335540771484
late_moe_4e_top1,nms,70,8.210432052612305
late_moe_4e_top1,nms,71,8.48691177368164
late_moe_4e_top1,nms,72,8.189567565917969
late_moe_4e_top1,nms,73,8.476991653442383
late_moe_4e_top1,nms,74,8.202207565307617
late_moe_4e_top1,nms,75,8.565759658813477
late_moe_4e_top1,nms,76,8.410752296447754
late_moe_4e_top1,nms,77,8.48588752746582
late_moe_4e_top1,nms,78,8.243200302124023
late_moe_4e_top1,nms,79,8.445023536682129
late_moe_4e_top1,nms,80,8.262656211853027
late_moe_4e_top1,nms,81,8.551424026489258
late_moe_4e_top1,nms,82,8.228863716125488
late_moe_4e_top1,nms,83,8.544896125793457
late_moe_4e_top1,nms,84,8.239104270935059
late_moe_4e_top1,nms,85,8.442879676818848
late_moe_4e_top1,nms,86,8.266112327575684
late_moe_4e_top1,nms,87,8.521087646484375
late_moe_4e_top1,nms,88,8.242048263549805
late_moe_4e_top1,nms,89,8.443903923034668
late_moe_4e_top1,nms,90,8.210111618041992
late_moe_4e_top1,nms,91,8.57084846496582
late_moe_4e_top1,nms,92,8.333120346069336
late_moe_4e_top1,nms,93,8.439807891845703
late_moe_4e_top1,nms,94,8.287232398986816
late_moe_4e_top1,nms,95,8.40601634979248
late_moe_4e_top1,nms,96,8.257375717163086
late_moe_4e_top1,nms,97,8.439807891845703
late_moe_4e_top1,nms,98,8.259584426879883
late_moe_4e_top1,nms,99,8.577088356018066
late_moe_4e_top2,e2e,0,9.598015785217285
late_moe_4e_top2,e2e,1,9.422847747802734
late_moe_4e_top2,e2e,2,9.309951782226562
late_moe_4e_top2,e2e,3,9.515711784362793
late_moe_4e_top2,e2e,4,9.234432220458984
late_moe_4e_top2,e2e,5,9.650176048278809
late_moe_4e_top2,e2e,6,9.275391578674316
late_moe_4e_top2,e2e,7,9.535167694091797
late_moe_4e_top2,e2e,8,9.309503555297852
late_moe_4e_top2,e2e,9,9.566495895385742
late_moe_4e_top2,e2e,10,9.443552017211914
late_moe_4e_top2,e2e,11,9.23033618927002
late_moe_4e_top2,e2e,12,9.613663673400879
late_moe_4e_top2,e2e,13,9.254912376403809
late_moe_4e_top2,e2e,14,9.326239585876465
late_moe_4e_top2,e2e,15,9.440256118774414
late_moe_4e_top2,e2e,16,9.569024085998535
late_moe_4e_top2,e2e,17,9.461759567260742
late_moe_4e_top2,e2e,18,9.373824119567871
late_moe_4e_top2,e2e,19,9.506815910339355
late_moe_4e_top2,e2e,20,9.433856010437012
late_moe_4e_top2,e2e,21,9.72697639465332
late_moe_4e_top2,e2e,22,9.291423797607422
late_moe_4e_top2,e2e,23,9.533439636230469
late_moe_4e_top2,e2e,24,9.255935668945312
late_moe_4e_top2,e2e,25,9.345024108886719
late_moe_4e_top2,e2e,26,9.507840156555176
late_moe_4e_top2,e2e,27,9.32249641418457
late_moe_4e_top2,e2e,28,9.552032470703125
late_moe_4e_top2,e2e,29,9.256959915161133
late_moe_4e_top2,e2e,30,9.592032432556152
late_moe_4e_top2,e2e,31,9.263903617858887
late_moe_4e_top2,e2e,32,9.580256462097168
late_moe_4e_top2,e2e,33,9.455488204956055
late_moe_4e_top2,e2e,34,9.272383689880371
late_moe_4e_top2,e2e,35,9.545087814331055
late_moe_4e_top2,e2e,36,9.255999565124512
late_moe_4e_top2,e2e,37,9.64367961883545
late_moe_4e_top2,e2e,38,9.242624282836914
late_moe_4e_top2,e2e,39,9.576704025268555
late_moe_4e_top2,e2e,40,9.208831787109375
late_moe_4e_top2,e2e,41,9.430015563964844
late_moe_4e_top2,e2e,42,9.467967987060547
late_moe_4e_top2,e2e,43,9.371935844421387
late_moe_4e_top2,e2e,44,9.75487995147705
late_moe_4e_top2,e2e,45,9.298944473266602
late_moe_4e_top2,e2e,46,9.470975875854492
late_moe_4e_top2,e2e,47,9.232095718383789
late_moe_4e_top2,e2e,48,9.540863990783691
late_moe_4e_top2,e2e,49,9.466879844665527
late_moe_4e_top2,e2e,50,9.221376419067383
late_moe_4e_top2,e2e,51,9.572352409362793
late_moe_4e_top2,e2e,52,9.21395206451416
late_moe_4e_top2,e2e,53,9.58739185333252
late_moe_4e_top2,e2e,54,9.21497631072998
late_moe_4e_top2,e2e,55,9.554847717285156
late_moe_4e_top2,e2e,56,9.21292781829834
late_moe_4e_top2,e2e,57,9.31056022644043
late_moe_4e_top2,e2e,58,9.389056205749512
late_moe_4e_top2,e2e,59,9.191424369812012
late_moe_4e_top2,e2e,60,9.512960433959961
late_moe_4e_top2,e2e,61,9.211008071899414
late_moe_4e_top2,e2e,62,9.442239761352539
late_moe_4e_top2,e2e,63,9.182208061218262
late_moe_4e_top2,e2e,64,9.483263969421387
late_moe_4e_top2,e2e,65,9.458687782287598
late_moe_4e_top2,e2e,66,9.281439781188965
late_moe_4e_top2,e2e,67,9.606335639953613
late_moe_4e_top2,e2e,68,9.366527557373047
late_moe_4e_top2,e2e,69,9.558015823364258
late_moe_4e_top2,e2e,70,9.241536140441895
late_moe_4e_top2,e2e,71,9.567935943603516
late_moe_4e_top2,e2e,72,9.236479759216309
late_moe_4e_top2,e2e,73,9.415936470031738
late_moe_4e_top2,e2e,74,9.469120025634766
late_moe_4e_top2,e2e,75,9.300992012023926
late_moe_4e_top2,e2e,76,9.545599937438965
late_moe_4e_top2,e2e,77,9.302016258239746
late_moe_4e_top2,e2e,78,9.575648307800293
late_moe_4e_top2,e2e,79,9.274368286132812
late_moe_4e_top2,e2e,80,9.585344314575195
late_moe_4e_top2,e2e,81,9.375743865966797
late_moe_4e_top2,e2e,82,9.32863998413086
late_moe_4e_top2,e2e,83,9.40112018585205
late_moe_4e_top2,e2e,84,9.255295753479004
late_moe_4e_top2,e2e,85,9.516032218933105
late_moe_4e_top2,e2e,86,9.242624282836914
late_moe_4e_top2,e2e,87,9.499551773071289
late_moe_4e_top2,e2e,88,9.239551544189453
late_moe_4e_top2,e2e,89,9.534367561340332
late_moe_4e_top2,e2e,90,9.335807800292969
late_moe_4e_top2,e2e,91,9.218208312988281
late_moe_4e_top2,e2e,92,9.430015563964844
late_moe_4e_top2,e2e,93,9.260736465454102
late_moe_4e_top2,e2e,94,9.505855560302734
late_moe_4e_top2,e2e,95,9.256959915161133
late_moe_4e_top2,e2e,96,9.5664644241333
late_moe_4e_top2,e2e,97,9.242655754089355
late_moe_4e_top2,e2e,98,9.350144386291504
late_moe_4e_top2,e2e,99,9.362431526184082
late_moe_4e_top2,nms,0,8.644895553588867
late_moe_4e_top2,nms,1,8.565759658813477
late_moe_4e_top2,nms,2,8.643584251403809
late_moe_4e_top2,nms,3,8.519455909729004
late_moe_4e_top2,nms,4,8.652992248535156
late_moe_4e_top2,nms,5,8.489983558654785
late_moe_4e_top2,nms,6,8.62502384185791
late_moe_4e_top2,nms,7,8.501248359680176
late_moe_4e_top2,nms,8,8.643584251403809
late_moe_4e_top2,nms,9,8.508543968200684
late_moe_4e_top2,nms,10,8.810432434082031
late_moe_4e_top2,nms,11,8.499199867248535
late_moe_4e_top2,nms,12,8.811519622802734
late_moe_4e_top2,nms,13,8.50227165222168
late_moe_4e_top2,nms,14,8.777471542358398
late_moe_4e_top2,nms,15,8.49510383605957
late_moe_4e_top2,nms,16,8.79923152923584
late_moe_4e_top2,nms,17,8.5032958984375
late_moe_4e_top2,nms,18,8.7391996383667
late_moe_4e_top2,nms,19,8.50534439086914
late_moe_4e_top2,nms,20,8.767711639404297
late_moe_4e_top2,nms,21,8.503264427185059
late_moe_4e_top2,nms,22,8.771583557128906
late_moe_4e_top2,nms,23,8.512703895568848
late_moe_4e_top2,nms,24,8.807519912719727
late_moe_4e_top2,nms,25,8.493056297302246
late_moe_4e_top2,nms,26,8.80947208404541
late_moe_4e_top2,nms,27,8.493760108947754
late_moe_4e_top2,nms,28,8.791423797607422
late_moe_4e_top2,nms,29,8.50220775604248
late_moe_4e_top2,nms,30,8.626239776611328
late_moe_4e_top2,nms,31,8.69164752960205
late_moe_4e_top2,nms,32,8.54041576385498
late_moe_4e_top2,nms,33,8.595168113708496
late_moe_4e_top2,nms,34,8.555264472961426
late_moe_4e_top2,nms,35,8.642560005187988
late_moe_4e_top2,nms,36,8.515583992004395
late_moe_4e_top2,nms,37,8.645279884338379
late_moe_4e_top2,nms,38,8.522751808166504
late_moe_4e_top2,nms,39,8.658944129943848
late_moe_4e_top2,nms,40,8.48412799835205
late_moe_4e_top2,nms,41,8.81663990020752
late_moe_4e_top2,nms,42,8.550463676452637
late_moe_4e_top2,nms,43,8.806495666503906
late_moe_4e_top2,nms,44,8.496864318847656
late_moe_4e_top2,nms,45,8.759296417236328
late_moe_4e_top2,nms,46,8.528960227966309
late_moe_4e_top2,nms,47,8.81123161315918
late_moe_4e_top2,nms,48,8.488191604614258
late_moe_4e_top2,nms,49,8.748255729675293
late_moe_4e_top2,nms,50,8.514559745788574
late_moe_4e_top2,nms,51,8.974495887756348
late_moe_4e_top2,nms,52,8.61184024810791
late_moe_4e_top2,nms,53,8.811424255371094
late_moe_4e_top2,nms,54,8.508255958557129
late_moe_4e_top2,nms,55,8.856255531311035
late_moe_4e_top2,nms,56,8.507391929626465
late_moe_4e_top2,nms,57,8.819040298461914
late_moe_4e_top2,nms,58,8.4900484085083
late_moe_4e_top2,nms,59,8.787967681884766
late_moe_4e_top2,nms,60,8.462495803833008
late_moe_4e_top2,nms,61,8.573920249938965
late_moe_4e_top2,nms,62,8.62720012664795
late_moe_4e_top2,nms,63,8.514559745788574
late_moe_4e_top2,nms,64,8.57100772857666
late_moe_4e_top2,nms,65,8.574975967407227
late_moe_4e_top2,nms,66,8.581119537353516
late_moe_4e_top2,nms,67,8.455424308776855
late_moe_4e_top2,nms,68,8.560640335083008
late_moe_4e_top2,nms,69,8.449088096618652
late_moe_4e_top2,nms,70,8.576800346374512
late_moe_4e_top2,nms,71,8.459199905395508
late_moe_4e_top2,nms,72,8.574975967407227
late_moe_4e_top2,nms,73,8.449024200439453
late_moe_4e_top2,nms,74,8.574975967407227
late_moe_4e_top2,nms,75,8.453791618347168
late_moe_4e_top2,nms,76,8.642304420471191
late_moe_4e_top2,nms,77,8.610943794250488
late_moe_4e_top2,nms,78,8.786944389343262
late_moe_4e_top2,nms,79,8.500224113464355
late_moe_4e_top2,nms,80,8.801247596740723
late_moe_4e_top2,nms,81,8.51251220703125
late_moe_4e_top2,nms,82,8.758272171020508
late_moe_4e_top2,nms,83,8.49612808227539
late_moe_4e_top2,nms,84,8.77280044555664
late_moe_4e_top2,nms,85,8.500191688537598
late_moe_4e_top2,nms,86,8.759455680847168
late_moe_4e_top2,nms,87,8.515904426574707
late_moe_4e_top2,nms,88,8.77337646484375
late_moe_4e_top2,nms,89,8.501407623291016
late_moe_4e_top2,nms,90,8.838335990905762
late_moe_4e_top2,nms,91,8.488960266113281
late_moe_4e_top2,nms,92,8.803327560424805
late_moe_4e_top2,nms,93,8.496959686279297
late_moe_4e_top2,nms,94,8.80624008178711
late_moe_4e_top2,nms,95,8.496352195739746
late_moe_4e_top2,nms,96,8.793919563293457
late_moe_4e_top2,nms,97,8.677375793457031
late_moe_4e_top2,nms,98,8.559967994689941
late_moe_4e_top2,nms,99,8.57260799407959
