fn,fp,fp_background,fp_classification,fp_classification_localization,fp_duplicate,fp_localization,gt,image,matched_iou_sum,tp
1,0,0,0,0,0,0,4,/data/data2/TuJiajun/A1-smoke-r4/YOLO-Master/configs/a1/p1_pretrained/pilot_data/images/val2017/000000375469.jpg,2.6716267466545105,3
0,0,0,0,0,0,0,2,/data/data2/TuJiajun/A1-smoke-r4/YOLO-Master/configs/a1/p1_pretrained/pilot_data/images/val2017/000000425702.jpg,1.6878880858421326,2
33,5,0,0,0,0,5,38,/data/data2/TuJiajun/A1-smoke-r4/YOLO-Master/configs/a1/p1_pretrained/pilot_data/images/val2017/000000416991.jpg,3.5588988661766052,5
2,1,1,0,0,0,0,4,/data/data2/TuJiajun/A1-smoke-r4/YOLO-Master/configs/a1/p1_pretrained/pilot_data/images/val2017/000000429011.jpg,1.8980813026428223,2
0,1,0,0,0,1,0,2,/data/data2/TuJiajun/A1-smoke-r4/YOLO-Master/configs/a1/p1_pretrained/pilot_data/images/val2017/000000581317.jpg,1.6408204436302185,2
3,1,0,0,0,1,0,6,/data/data2/TuJiajun/A1-smoke-r4/YOLO-Master/configs/a1/p1_pretrained/pilot_data/images/val2017/000000047740.jpg,2.3148675560951233,3
2,2,1,0,1,0,0,5,/data/data2/TuJiajun/A1-smoke-r4/YOLO-Master/configs/a1/p1_pretrained/pilot_data/images/val2017/000000449190.jpg,2.286729633808136,3
0,5,4,0,0,0,1,2,/data/data2/TuJiajun/A1-smoke-r4/YOLO-Master/configs/a1/p1_pretrained/pilot_data/images/val2017/000000021465.jpg,1.6292640566825867,2
7,2,0,1,1,0,0,9,/data/data2/TuJiajun/A1-smoke-r4/YOLO-Master/configs/a1/p1_pretrained/pilot_data/images/val2017/000000095707.jpg,1.9174247980117798,2
0,0,0,0,0,0,0,1,/data/data2/TuJiajun/A1-smoke-r4/YOLO-Master/configs/a1/p1_pretrained/pilot_data/images/val2017/000000030675.jpg,0.9558261036872864,1
7,4,0,0,0,0,4,12,/data/data2/TuJiajun/A1-smoke-r4/YOLO-Master/configs/a1/p1_pretrained/pilot_data/images/val2017/000000007281.jpg,3.9501057267189026,5
9,6,2,1,1,0,2,13,/data/data2/TuJiajun/A1-smoke-r4/YOLO-Master/configs/a1/p1_pretrained/pilot_data/images/val2017/000000093437.jpg,3.2921411991119385,4
13,1,0,0,0,0,1,13,/data/data2/TuJiajun/A1-smoke-r4/YOLO-Master/configs/a1/p1_pretrained/pilot_data/images/val2017/000000133233.jpg,0,0
4,0,0,0,0,0,0,8,/data/data2/TuJiajun/A1-smoke-r4/YOLO-Master/configs/a1/p1_pretrained/pilot_data/images/val2017/000000456143.jpg,3.0937361121177673,4
8,3,0,0,0,3,0,16,/data/data2/TuJiajun/A1-smoke-r4/YOLO-Master/configs/a1/p1_pretrained/pilot_data/images/val2017/000000088462.jpg,6.512292861938477,8
22,3,2,0,0,0,1,35,/data/data2/TuJiajun/A1-smoke-r4/YOLO-Master/configs/a1/p1_pretrained/pilot_data/images/val2017/000000309391.jpg,10.208732426166534,13
3,2,1,0,0,0,1,9,/data/data2/TuJiajun/A1-smoke-r4/YOLO-Master/configs/a1/p1_pretrained/pilot_data/images/val2017/000000197388.jpg,5.02556836605072,6
7,3,0,2,0,0,1,9,/data/data2/TuJiajun/A1-smoke-r4/YOLO-Master/configs/a1/p1_pretrained/pilot_data/images/val2017/000000332901.jpg,1.7980545163154602,2
0,0,0,0,0,0,0,2,/data/data2/TuJiajun/A1-smoke-r4/YOLO-Master/configs/a1/p1_pretrained/pilot_data/images/val2017/000000263403.jpg,1.8918591737747192,2
6,7,6,0,0,0,1,6,/data/data2/TuJiajun/A1-smoke-r4/YOLO-Master/configs/a1/p1_pretrained/pilot_data/images/val2017/000000034257.jpg,0,0
0,1,0,0,0,1,0,2,/data/data2/TuJiajun/A1-smoke-r4/YOLO-Master/configs/a1/p1_pretrained/pilot_data/images/val2017/000000574520.jpg,1.76356440782547,2
9,4,1,0,0,1,2,18,/data/data2/TuJiajun/A1-smoke-r4/YOLO-Master/configs/a1/p1_pretrained/pilot_data/images/val2017/000000057760.jpg,7.276247978210449,9
2,1,0,0,0,0,1,3,/data/data2/TuJiajun/A1-smoke-r4/YOLO-Master/configs/a1/p1_pretrained/pilot_data/images/val2017/000000465675.jpg,0.7143989205360413,1
16,2,1,0,0,1,0,22,/data/data2/TuJiajun/A1-smoke-r4/YOLO-Master/configs/a1/p1_pretrained/pilot_data/images/val2017/000000036936.jpg,4.27319598197937,6
0,0,0,0,0,0,0,2,/data/data2/TuJiajun/A1-smoke-r4/YOLO-Master/configs/a1/p1_pretrained/pilot_data/images/val2017/000000519208.jpg,1.949545443058014,2
9,3,0,0,0,3,0,16,/data/data2/TuJiajun/A1-smoke-r4/YOLO-Master/configs/a1/p1_pretrained/pilot_data/images/val2017/000000211674.jpg,5.652275204658508,7
2,1,0,1,0,0,0,3,/data/data2/TuJiajun/A1-smoke-r4/YOLO-Master/configs/a1/p1_pretrained/pilot_data/images/val2017/000000309678.jpg,0.9594765901565552,1
11,10,0,10,0,0,0,11,/data/data2/TuJiajun/A1-smoke-r4/YOLO-Master/configs/a1/p1_pretrained/pilot_data/images/val2017/000000267933.jpg,0,0
1,1,0,1,0,0,0,4,/data/data2/TuJiajun/A1-smoke-r4/YOLO-Master/configs/a1/p1_pretrained/pilot_data/images/val2017/000000284106.jpg,2.6339682936668396,3
11,3,0,0,0,2,1,15,/data/data2/TuJiajun/A1-smoke-r4/YOLO-Master/configs/a1/p1_pretrained/pilot_data/images/val2017/000000039477.jpg,3.124351441860199,4
6,6,0,1,0,0,5,12,/data/data2/TuJiajun/A1-smoke-r4/YOLO-Master/configs/a1/p1_pretrained/pilot_data/images/val2017/000000529966.jpg,5.389942646026611,6
2,1,0,0,1,0,0,4,/data/data2/TuJiajun/A1-smoke-r4/YOLO-Master/configs/a1/p1_pretrained/pilot_data/images/val2017/000000295138.jpg,1.9015914797782898,2
0,0,0,0,0,0,0,1,/data/data2/TuJiajun/A1-smoke-r4/YOLO-Master/configs/a1/p1_pretrained/pilot_data/images/val2017/000000157124.jpg,0.8551864624023438,1
17,1,0,0,0,0,1,24,/data/data2/TuJiajun/A1-smoke-r4/YOLO-Master/configs/a1/p1_pretrained/pilot_data/images/val2017/000000441247.jpg,6.025330185890198,7
3,1,0,0,0,0,1,8,/data/data2/TuJiajun/A1-smoke-r4/YOLO-Master/configs/a1/p1_pretrained/pilot_data/images/val2017/000000227898.jpg,4.381054222583771,5
1,1,0,0,0,1,0,4,/data/data2/TuJiajun/A1-smoke-r4/YOLO-Master/configs/a1/p1_pretrained/pilot_data/images/val2017/000000111951.jpg,2.736587882041931,3
0,1,0,0,0,0,1,2,/data/data2/TuJiajun/A1-smoke-r4/YOLO-Master/configs/a1/p1_pretrained/pilot_data/images/val2017/000000106281.jpg,1.7301748394966125,2
1,3,0,2,0,1,0,3,/data/data2/TuJiajun/A1-smoke-r4/YOLO-Master/configs/a1/p1_pretrained/pilot_data/images/val2017/000000082180.jpg,1.8801413178443909,2
1,3,0,0,1,0,2,8,/data/data2/TuJiajun/A1-smoke-r4/YOLO-Master/configs/a1/p1_pretrained/pilot_data/images/val2017/000000548506.jpg,6.2871556878089905,7
9,9,2,1,2,1,3,13,/data/data2/TuJiajun/A1-smoke-r4/YOLO-Master/configs/a1/p1_pretrained/pilot_data/images/val2017/000000209142.jpg,3.1344246864318848,4
1,0,0,0,0,0,0,5,/data/data2/TuJiajun/A1-smoke-r4/YOLO-Master/configs/a1/p1_pretrained/pilot_data/images/val2017/000000520871.jpg,3.599709451198578,4
4,2,0,0,1,1,0,15,/data/data2/TuJiajun/A1-smoke-r4/YOLO-Master/configs/a1/p1_pretrained/pilot_data/images/val2017/000000507797.jpg,9.46364051103592,11
24,5,2,1,2,0,0,28,/data/data2/TuJiajun/A1-smoke-r4/YOLO-Master/configs/a1/p1_pretrained/pilot_data/images/val2017/000000156278.jpg,3.3509873151779175,4
12,1,0,0,0,0,1,15,/data/data2/TuJiajun/A1-smoke-r4/YOLO-Master/configs/a1/p1_pretrained/pilot_data/images/val2017/000000288762.jpg,2.5018463730812073,3
7,1,0,0,0,0,1,10,/data/data2/TuJiajun/A1-smoke-r4/YOLO-Master/configs/a1/p1_pretrained/pilot_data/images/val2017/000000132587.jpg,2.8481544256210327,3
0,0,0,0,0,0,0,1,/data/data2/TuJiajun/A1-smoke-r4/YOLO-Master/configs/a1/p1_pretrained/pilot_data/images/val2017/000000424776.jpg,0.969836950302124,1
15,2,2,0,0,0,0,16,/data/data2/TuJiajun/A1-smoke-r4/YOLO-Master/configs/a1/p1_pretrained/pilot_data/images/val2017/000000052412.jpg,0.9492365121841431,1
3,0,0,0,0,0,0,5,/data/data2/TuJiajun/A1-smoke-r4/YOLO-Master/configs/a1/p1_pretrained/pilot_data/images/val2017/000000431568.jpg,1.5446624755859375,2
9,1,0,1,0,0,0,10,/data/data2/TuJiajun/A1-smoke-r4/YOLO-Master/configs/a1/p1_pretrained/pilot_data/images/val2017/000000532481.jpg,0.9654725193977356,1
0,1,1,0,0,0,0,2,/data/data2/TuJiajun/A1-smoke-r4/YOLO-Master/configs/a1/p1_pretrained/pilot_data/images/val2017/000000567011.jpg,1.5813561081886292,2
0,0,0,0,0,0,0,2,/data/data2/TuJiajun/A1-smoke-r4/YOLO-Master/configs/a1/p1_pretrained/pilot_data/images/val2017/000000548555.jpg,1.5064764618873596,2
5,0,0,0,0,0,0,9,/data/data2/TuJiajun/A1-smoke-r4/YOLO-Master/configs/a1/p1_pretrained/pilot_data/images/val2017/000000527695.jpg,3.141647219657898,4
0,0,0,0,0,0,0,2,/data/data2/TuJiajun/A1-smoke-r4/YOLO-Master/configs/a1/p1_pretrained/pilot_data/images/val2017/000000033005.jpg,1.7317560911178589,2
2,0,0,0,0,0,0,2,/data/data2/TuJiajun/A1-smoke-r4/YOLO-Master/configs/a1/p1_pretrained/pilot_data/images/val2017/000000034071.jpg,0,0
14,8,3,0,2,1,2,19,/data/data2/TuJiajun/A1-smoke-r4/YOLO-Master/configs/a1/p1_pretrained/pilot_data/images/val2017/000000378673.jpg,3.9938934445381165,5
0,0,0,0,0,0,0,2,/data/data2/TuJiajun/A1-smoke-r4/YOLO-Master/configs/a1/p1_pretrained/pilot_data/images/val2017/000000008532.jpg,1.8652945160865784,2
7,0,0,0,0,0,0,10,/data/data2/TuJiajun/A1-smoke-r4/YOLO-Master/configs/a1/p1_pretrained/pilot_data/images/val2017/000000102805.jpg,2.840273857116699,3
0,0,0,0,0,0,0,2,/data/data2/TuJiajun/A1-smoke-r4/YOLO-Master/configs/a1/p1_pretrained/pilot_data/images/val2017/000000148739.jpg,1.444388210773468,2
6,5,1,0,1,0,3,6,/data/data2/TuJiajun/A1-smoke-r4/YOLO-Master/configs/a1/p1_pretrained/pilot_data/images/val2017/000000153510.jpg,0,0
1,1,1,0,0,0,0,4,/data/data2/TuJiajun/A1-smoke-r4/YOLO-Master/configs/a1/p1_pretrained/pilot_data/images/val2017/000000283520.jpg,2.3241608142852783,3
1,0,0,0,0,0,0,2,/data/data2/TuJiajun/A1-smoke-r4/YOLO-Master/configs/a1/p1_pretrained/pilot_data/images/val2017/000000535858.jpg,0.8918437957763672,1
1,0,0,0,0,0,0,3,/data/data2/TuJiajun/A1-smoke-r4/YOLO-Master/configs/a1/p1_pretrained/pilot_data/images/val2017/000000053529.jpg,1.330973505973816,2
1,1,0,0,1,0,0,3,/data/data2/TuJiajun/A1-smoke-r4/YOLO-Master/configs/a1/p1_pretrained/pilot_data/images/val2017/000000253386.jpg,1.8389785289764404,2
3,0,0,0,0,0,0,5,/data/data2/TuJiajun/A1-smoke-r4/YOLO-Master/configs/a1/p1_pretrained/pilot_data/images/val2017/000000319696.jpg,1.9278451204299927,2
0,0,0,0,0,0,0,1,/data/data2/TuJiajun/A1-smoke-r4/YOLO-Master/configs/a1/p1_pretrained/pilot_data/images/val2017/000000318908.jpg,0.8596946597099304,1
3,2,1,0,1,0,0,7,/data/data2/TuJiajun/A1-smoke-r4/YOLO-Master/configs/a1/p1_pretrained/pilot_data/images/val2017/000000279730.jpg,3.574853837490082,4
2,5,5,0,0,0,0,14,/data/data2/TuJiajun/A1-smoke-r4/YOLO-Master/configs/a1/p1_pretrained/pilot_data/images/val2017/000000060886.jpg,10.289710938930511,12
0,1,0,0,0,1,0,2,/data/data2/TuJiajun/A1-smoke-r4/YOLO-Master/configs/a1/p1_pretrained/pilot_data/images/val2017/000000191288.jpg,1.6531240344047546,2
1,1,0,0,0,1,0,2,/data/data2/TuJiajun/A1-smoke-r4/YOLO-Master/configs/a1/p1_pretrained/pilot_data/images/val2017/000000144114.jpg,0.8010531067848206,1
4,2,1,0,0,0,1,10,/data/data2/TuJiajun/A1-smoke-r4/YOLO-Master/configs/a1/p1_pretrained/pilot_data/images/val2017/000000009378.jpg,4.975442588329315,6
0,0,0,0,0,0,0,2,/data/data2/TuJiajun/A1-smoke-r4/YOLO-Master/configs/a1/p1_pretrained/pilot_data/images/val2017/000000137106.jpg,1.6059743762016296,2
7,1,0,1,0,0,0,16,/data/data2/TuJiajun/A1-smoke-r4/YOLO-Master/configs/a1/p1_pretrained/pilot_data/images/val2017/000000124798.jpg,7.808418273925781,9
5,1,0,0,0,0,1,14,/data/data2/TuJiajun/A1-smoke-r4/YOLO-Master/configs/a1/p1_pretrained/pilot_data/images/val2017/000000453708.jpg,7.801232814788818,9
0,0,0,0,0,0,0,2,/data/data2/TuJiajun/A1-smoke-r4/YOLO-Master/configs/a1/p1_pretrained/pilot_data/images/val2017/000000349302.jpg,1.8687731623649597,2
4,2,2,0,0,0,0,9,/data/data2/TuJiajun/A1-smoke-r4/YOLO-Master/configs/a1/p1_pretrained/pilot_data/images/val2017/000000329456.jpg,4.383148014545441,5
0,0,0,0,0,0,0,1,/data/data2/TuJiajun/A1-smoke-r4/YOLO-Master/configs/a1/p1_pretrained/pilot_data/images/val2017/000000335800.jpg,0.9441518783569336,1
2,1,1,0,0,0,0,9,/data/data2/TuJiajun/A1-smoke-r4/YOLO-Master/configs/a1/p1_pretrained/pilot_data/images/val2017/000000294695.jpg,5.904486417770386,7
16,4,0,0,1,2,1,34,/data/data2/TuJiajun/A1-smoke-r4/YOLO-Master/configs/a1/p1_pretrained/pilot_data/images/val2017/000000458325.jpg,15.327048122882843,18
1,0,0,0,0,0,0,3,/data/data2/TuJiajun/A1-smoke-r4/YOLO-Master/configs/a1/p1_pretrained/pilot_data/images/val2017/000000137294.jpg,1.8674777150154114,2
1,0,0,0,0,0,0,2,/data/data2/TuJiajun/A1-smoke-r4/YOLO-Master/configs/a1/p1_pretrained/pilot_data/images/val2017/000000359135.jpg,0.8058292865753174,1
0,1,0,1,0,0,0,3,/data/data2/TuJiajun/A1-smoke-r4/YOLO-Master/configs/a1/p1_pretrained/pilot_data/images/val2017/000000157807.jpg,2.850116491317749,3
2,1,0,1,0,0,0,4,/data/data2/TuJiajun/A1-smoke-r4/YOLO-Master/configs/a1/p1_pretrained/pilot_data/images/val2017/000000475064.jpg,1.8062592148780823,2
8,4,1,0,0,3,0,19,/data/data2/TuJiajun/A1-smoke-r4/YOLO-Master/configs/a1/p1_pretrained/pilot_data/images/val2017/000000288584.jpg,9.682095170021057,11
5,6,2,0,1,1,2,14,/data/data2/TuJiajun/A1-smoke-r4/YOLO-Master/configs/a1/p1_pretrained/pilot_data/images/val2017/000000150224.jpg,6.9927690625190735,9
9,0,0,0,0,0,0,13,/data/data2/TuJiajun/A1-smoke-r4/YOLO-Master/configs/a1/p1_pretrained/pilot_data/images/val2017/000000284725.jpg,3.588630199432373,4
0,0,0,0,0,0,0,2,/data/data2/TuJiajun/A1-smoke-r4/YOLO-Master/configs/a1/p1_pretrained/pilot_data/images/val2017/000000133418.jpg,1.860458254814148,2
12,0,0,0,0,0,0,20,/data/data2/TuJiajun/A1-smoke-r4/YOLO-Master/configs/a1/p1_pretrained/pilot_data/images/val2017/000000080340.jpg,6.881593227386475,8
0,0,0,0,0,0,0,2,/data/data2/TuJiajun/A1-smoke-r4/YOLO-Master/configs/a1/p1_pretrained/pilot_data/images/val2017/000000020059.jpg,1.8196316361427307,2
11,7,1,0,2,2,2,19,/data/data2/TuJiajun/A1-smoke-r4/YOLO-Master/configs/a1/p1_pretrained/pilot_data/images/val2017/000000059044.jpg,7.1764020919799805,8
2,1,0,0,0,0,1,3,/data/data2/TuJiajun/A1-smoke-r4/YOLO-Master/configs/a1/p1_pretrained/pilot_data/images/val2017/000000358427.jpg,0.967248260974884,1
1,1,1,0,0,0,0,7,/data/data2/TuJiajun/A1-smoke-r4/YOLO-Master/configs/a1/p1_pretrained/pilot_data/images/val2017/000000373705.jpg,5.546489655971527,6
1,3,1,2,0,0,0,1,/data/data2/TuJiajun/A1-smoke-r4/YOLO-Master/configs/a1/p1_pretrained/pilot_data/images/val2017/000000075456.jpg,0,0
5,1,1,0,0,0,0,6,/data/data2/TuJiajun/A1-smoke-r4/YOLO-Master/configs/a1/p1_pretrained/pilot_data/images/val2017/000000303908.jpg,0.9710952639579773,1
2,2,0,2,0,0,0,2,/data/data2/TuJiajun/A1-smoke-r4/YOLO-Master/configs/a1/p1_pretrained/pilot_data/images/val2017/000000305343.jpg,0,0
0,0,0,0,0,0,0,1,/data/data2/TuJiajun/A1-smoke-r4/YOLO-Master/configs/a1/p1_pretrained/pilot_data/images/val2017/000000322829.jpg,0.9519072771072388,1
1,1,0,0,0,0,1,3,/data/data2/TuJiajun/A1-smoke-r4/YOLO-Master/configs/a1/p1_pretrained/pilot_data/images/val2017/000000464358.jpg,1.8020313382148743,2
0,0,0,0,0,0,0,1,/data/data2/TuJiajun/A1-smoke-r4/YOLO-Master/configs/a1/p1_pretrained/pilot_data/images/val2017/000000151516.jpg,0.9407198429107666,1
8,2,0,0,1,0,1,11,/data/data2/TuJiajun/A1-smoke-r4/YOLO-Master/configs/a1/p1_pretrained/pilot_data/images/val2017/000000473869.jpg,2.72549307346344,3
0,0,0,0,0,0,0,1,/data/data2/TuJiajun/A1-smoke-r4/YOLO-Master/configs/a1/p1_pretrained/pilot_data/images/val2017/000000259625.jpg,0.7465271949768066,1
0,0,0,0,0,0,0,4,/data/data2/TuJiajun/A1-smoke-r4/YOLO-Master/configs/a1/p1_pretrained/pilot_data/images/val2017/000000481582.jpg,3.217377483844757,4
4,1,0,0,0,0,1,8,/data/data2/TuJiajun/A1-smoke-r4/YOLO-Master/configs/a1/p1_pretrained/pilot_data/images/val2017/000000504415.jpg,3.558383584022522,4
0,0,0,0,0,0,0,2,/data/data2/TuJiajun/A1-smoke-r4/YOLO-Master/configs/a1/p1_pretrained/pilot_data/images/val2017/000000229221.jpg,1.8248634934425354,2
1,0,0,0,0,0,0,4,/data/data2/TuJiajun/A1-smoke-r4/YOLO-Master/configs/a1/p1_pretrained/pilot_data/images/val2017/000000248400.jpg,2.777698576450348,3
6,4,1,0,0,2,1,17,/data/data2/TuJiajun/A1-smoke-r4/YOLO-Master/configs/a1/p1_pretrained/pilot_data/images/val2017/000000249129.jpg,8.238964080810547,11
5,1,0,0,0,0,1,8,/data/data2/TuJiajun/A1-smoke-r4/YOLO-Master/configs/a1/p1_pretrained/pilot_data/images/val2017/000000161799.jpg,2.2265396118164062,3
8,8,0,4,0,4,0,27,/data/data2/TuJiajun/A1-smoke-r4/YOLO-Master/configs/a1/p1_pretrained/pilot_data/images/val2017/000000166391.jpg,15.289707064628601,19
2,0,0,0,0,0,0,5,/data/data2/TuJiajun/A1-smoke-r4/YOLO-Master/configs/a1/p1_pretrained/pilot_data/images/val2017/000000210855.jpg,2.464858055114746,3
1,0,0,0,0,0,0,3,/data/data2/TuJiajun/A1-smoke-r4/YOLO-Master/configs/a1/p1_pretrained/pilot_data/images/val2017/000000490171.jpg,1.6587556600570679,2
0,0,0,0,0,0,0,2,/data/data2/TuJiajun/A1-smoke-r4/YOLO-Master/configs/a1/p1_pretrained/pilot_data/images/val2017/000000232684.jpg,1.6544089913368225,2
10,0,0,0,0,0,0,16,/data/data2/TuJiajun/A1-smoke-r4/YOLO-Master/configs/a1/p1_pretrained/pilot_data/images/val2017/000000506707.jpg,5.334755599498749,6
1,2,0,0,0,1,1,4,/data/data2/TuJiajun/A1-smoke-r4/YOLO-Master/configs/a1/p1_pretrained/pilot_data/images/val2017/000000515266.jpg,2.413558840751648,3
3,2,0,0,0,2,0,13,/data/data2/TuJiajun/A1-smoke-r4/YOLO-Master/configs/a1/p1_pretrained/pilot_data/images/val2017/000000523957.jpg,8.12996220588684,10
0,0,0,0,0,0,0,1,/data/data2/TuJiajun/A1-smoke-r4/YOLO-Master/configs/a1/p1_pretrained/pilot_data/images/val2017/000000407518.jpg,0.8248238563537598,1
8,1,0,0,0,0,1,8,/data/data2/TuJiajun/A1-smoke-r4/YOLO-Master/configs/a1/p1_pretrained/pilot_data/images/val2017/000000439290.jpg,0,0
6,5,2,0,1,2,0,14,/data/data2/TuJiajun/A1-smoke-r4/YOLO-Master/configs/a1/p1_pretrained/pilot_data/images/val2017/000000396200.jpg,6.450939893722534,8
2,1,0,0,0,0,1,3,/data/data2/TuJiajun/A1-smoke-r4/YOLO-Master/configs/a1/p1_pretrained/pilot_data/images/val2017/000000397279.jpg,0.9806600213050842,1
0,0,0,0,0,0,0,1,/data/data2/TuJiajun/A1-smoke-r4/YOLO-Master/configs/a1/p1_pretrained/pilot_data/images/val2017/000000066886.jpg,0.938206672668457,1
0,0,0,0,0,0,0,2,/data/data2/TuJiajun/A1-smoke-r4/YOLO-Master/configs/a1/p1_pretrained/pilot_data/images/val2017/000000079031.jpg,1.949072003364563,2
0,0,0,0,0,0,0,2,/data/data2/TuJiajun/A1-smoke-r4/YOLO-Master/configs/a1/p1_pretrained/pilot_data/images/val2017/000000367818.jpg,1.6345878839492798,2
3,1,0,1,0,0,0,3,/data/data2/TuJiajun/A1-smoke-r4/YOLO-Master/configs/a1/p1_pretrained/pilot_data/images/val2017/000000089670.jpg,0,0
1,0,0,0,0,0,0,2,/data/data2/TuJiajun/A1-smoke-r4/YOLO-Master/configs/a1/p1_pretrained/pilot_data/images/val2017/000000101068.jpg,0.9625577330589294,1
0,0,0,0,0,0,0,3,/data/data2/TuJiajun/A1-smoke-r4/YOLO-Master/configs/a1/p1_pretrained/pilot_data/images/val2017/000000376278.jpg,2.65731281042099,3
1,1,0,0,0,0,1,2,/data/data2/TuJiajun/A1-smoke-r4/YOLO-Master/configs/a1/p1_pretrained/pilot_data/images/val2017/000000426253.jpg,0.9565686583518982,1
1,1,0,0,0,1,0,2,/data/data2/TuJiajun/A1-smoke-r4/YOLO-Master/configs/a1/p1_pretrained/pilot_data/images/val2017/000000002261.jpg,0.9564181566238403,1
6,2,1,0,0,0,1,10,/data/data2/TuJiajun/A1-smoke-r4/YOLO-Master/configs/a1/p1_pretrained/pilot_data/images/val2017/000000575243.jpg,3.4728589057922363,4
0,2,2,0,0,0,0,3,/data/data2/TuJiajun/A1-smoke-r4/YOLO-Master/configs/a1/p1_pretrained/pilot_data/images/val2017/000000576654.jpg,2.7009092569351196,3
1,0,0,0,0,0,0,3,/data/data2/TuJiajun/A1-smoke-r4/YOLO-Master/configs/a1/p1_pretrained/pilot_data/images/val2017/000000040036.jpg,1.8351081013679504,2
4,3,0,0,1,0,2,6,/data/data2/TuJiajun/A1-smoke-r4/YOLO-Master/configs/a1/p1_pretrained/pilot_data/images/val2017/000000422706.jpg,1.7033920288085938,2
9,0,0,0,0,0,0,19,/data/data2/TuJiajun/A1-smoke-r4/YOLO-Master/configs/a1/p1_pretrained/pilot_data/images/val2017/000000013923.jpg,8.386967599391937,10
0,0,0,0,0,0,0,0,/data/data2/TuJiajun/A1-smoke-r4/YOLO-Master/configs/a1/p1_pretrained/pilot_data/images/val2017/000000560371.jpg,0,0
1,0,0,0,0,0,0,7,/data/data2/TuJiajun/A1-smoke-r4/YOLO-Master/configs/a1/p1_pretrained/pilot_data/images/val2017/000000547886.jpg,5.35011887550354,6
0,0,0,0,0,0,0,2,/data/data2/TuJiajun/A1-smoke-r4/YOLO-Master/configs/a1/p1_pretrained/pilot_data/images/val2017/000000544519.jpg,1.8051539659500122,2
15,0,0,0,0,0,0,19,/data/data2/TuJiajun/A1-smoke-r4/YOLO-Master/configs/a1/p1_pretrained/pilot_data/images/val2017/000000543581.jpg,3.3767542243003845,4
10,4,1,1,0,1,1,15,/data/data2/TuJiajun/A1-smoke-r4/YOLO-Master/configs/a1/p1_pretrained/pilot_data/images/val2017/000000221754.jpg,3.6871402859687805,5
3,0,0,0,0,0,0,4,/data/data2/TuJiajun/A1-smoke-r4/YOLO-Master/configs/a1/p1_pretrained/pilot_data/images/val2017/000000216739.jpg,0.9741449356079102,1
1,1,0,0,0,0,1,2,/data/data2/TuJiajun/A1-smoke-r4/YOLO-Master/configs/a1/p1_pretrained/pilot_data/images/val2017/000000206994.jpg,0.9696330428123474,1
4,4,0,0,1,1,2,13,/data/data2/TuJiajun/A1-smoke-r4/YOLO-Master/configs/a1/p1_pretrained/pilot_data/images/val2017/000000026204.jpg,7.674737930297852,9
0,0,0,0,0,0,0,1,/data/data2/TuJiajun/A1-smoke-r4/YOLO-Master/configs/a1/p1_pretrained/pilot_data/images/val2017/000000511398.jpg,0.9620103240013123,1
0,0,0,0,0,0,0,2,/data/data2/TuJiajun/A1-smoke-r4/YOLO-Master/configs/a1/p1_pretrained/pilot_data/images/val2017/000000514979.jpg,1.8518385887145996,2
1,0,0,0,0,0,0,6,/data/data2/TuJiajun/A1-smoke-r4/YOLO-Master/configs/a1/p1_pretrained/pilot_data/images/val2017/000000162732.jpg,4.637679100036621,5
0,0,0,0,0,0,0,2,/data/data2/TuJiajun/A1-smoke-r4/YOLO-Master/configs/a1/p1_pretrained/pilot_data/images/val2017/000000170955.jpg,1.7585724592208862,2
1,0,0,0,0,0,0,2,/data/data2/TuJiajun/A1-smoke-r4/YOLO-Master/configs/a1/p1_pretrained/pilot_data/images/val2017/000000025139.jpg,0.7355220317840576,1
0,0,0,0,0,0,0,2,/data/data2/TuJiajun/A1-smoke-r4/YOLO-Master/configs/a1/p1_pretrained/pilot_data/images/val2017/000000027982.jpg,1.8964905142784119,2
5,2,0,0,0,0,2,6,/data/data2/TuJiajun/A1-smoke-r4/YOLO-Master/configs/a1/p1_pretrained/pilot_data/images/val2017/000000447611.jpg,0.9492263197898865,1
1,0,0,0,0,0,0,4,/data/data2/TuJiajun/A1-smoke-r4/YOLO-Master/configs/a1/p1_pretrained/pilot_data/images/val2017/000000069106.jpg,2.6179609298706055,3
0,1,0,0,0,1,0,2,/data/data2/TuJiajun/A1-smoke-r4/YOLO-Master/configs/a1/p1_pretrained/pilot_data/images/val2017/000000325991.jpg,1.7724162936210632,2
4,2,0,0,0,1,1,6,/data/data2/TuJiajun/A1-smoke-r4/YOLO-Master/configs/a1/p1_pretrained/pilot_data/images/val2017/000000358923.jpg,1.8023685216903687,2
1,0,0,0,0,0,0,3,/data/data2/TuJiajun/A1-smoke-r4/YOLO-Master/configs/a1/p1_pretrained/pilot_data/images/val2017/000000448365.jpg,1.9335484504699707,2
7,4,0,0,0,0,4,17,/data/data2/TuJiajun/A1-smoke-r4/YOLO-Master/configs/a1/p1_pretrained/pilot_data/images/val2017/000000060932.jpg,7.891247808933258,10
7,0,0,0,0,0,0,11,/data/data2/TuJiajun/A1-smoke-r4/YOLO-Master/configs/a1/p1_pretrained/pilot_data/images/val2017/000000449996.jpg,3.5240384340286255,4
3,1,0,0,0,0,1,7,/data/data2/TuJiajun/A1-smoke-r4/YOLO-Master/configs/a1/p1_pretrained/pilot_data/images/val2017/000000553731.jpg,3.4967569708824158,4
0,1,1,0,0,0,0,1,/data/data2/TuJiajun/A1-smoke-r4/YOLO-Master/configs/a1/p1_pretrained/pilot_data/images/val2017/000000386277.jpg,0.9854246377944946,1
2,0,0,0,0,0,0,8,/data/data2/TuJiajun/A1-smoke-r4/YOLO-Master/configs/a1/p1_pretrained/pilot_data/images/val2017/000000459809.jpg,4.198641777038574,6
3,0,0,0,0,0,0,6,/data/data2/TuJiajun/A1-smoke-r4/YOLO-Master/configs/a1/p1_pretrained/pilot_data/images/val2017/000000086220.jpg,2.859312951564789,3
3,2,1,0,0,1,0,6,/data/data2/TuJiajun/A1-smoke-r4/YOLO-Master/configs/a1/p1_pretrained/pilot_data/images/val2017/000000097022.jpg,2.653710722923279,3
0,0,0,0,0,0,0,1,/data/data2/TuJiajun/A1-smoke-r4/YOLO-Master/configs/a1/p1_pretrained/pilot_data/images/val2017/000000241297.jpg,0.946933925151825,1
2,1,0,0,0,0,1,2,/data/data2/TuJiajun/A1-smoke-r4/YOLO-Master/configs/a1/p1_pretrained/pilot_data/images/val2017/000000130465.jpg,0,0
0,2,0,0,0,2,0,5,/data/data2/TuJiajun/A1-smoke-r4/YOLO-Master/configs/a1/p1_pretrained/pilot_data/images/val2017/000000269316.jpg,4.584651947021484,5
0,0,0,0,0,0,0,2,/data/data2/TuJiajun/A1-smoke-r4/YOLO-Master/configs/a1/p1_pretrained/pilot_data/images/val2017/000000530820.jpg,1.8478108644485474,2
3,3,1,0,1,0,1,7,/data/data2/TuJiajun/A1-smoke-r4/YOLO-Master/configs/a1/p1_pretrained/pilot_data/images/val2017/000000263679.jpg,3.499438524246216,4
7,1,1,0,0,0,0,8,/data/data2/TuJiajun/A1-smoke-r4/YOLO-Master/configs/a1/p1_pretrained/pilot_data/images/val2017/000000017182.jpg,0.8386409878730774,1
1,1,0,0,0,1,0,2,/data/data2/TuJiajun/A1-smoke-r4/YOLO-Master/configs/a1/p1_pretrained/pilot_data/images/val2017/000000199551.jpg,0.9457521438598633,1
18,7,0,1,3,1,2,28,/data/data2/TuJiajun/A1-smoke-r4/YOLO-Master/configs/a1/p1_pretrained/pilot_data/images/val2017/000000012670.jpg,8.712453365325928,10
0,0,0,0,0,0,0,2,/data/data2/TuJiajun/A1-smoke-r4/YOLO-Master/configs/a1/p1_pretrained/pilot_data/images/val2017/000000525322.jpg,1.830915927886963,2
0,1,1,0,0,0,0,6,/data/data2/TuJiajun/A1-smoke-r4/YOLO-Master/configs/a1/p1_pretrained/pilot_data/images/val2017/000000195918.jpg,5.638371765613556,6
15,0,0,0,0,0,0,22,/data/data2/TuJiajun/A1-smoke-r4/YOLO-Master/configs/a1/p1_pretrained/pilot_data/images/val2017/000000246968.jpg,5.350605547428131,7
2,5,1,0,0,0,4,3,/data/data2/TuJiajun/A1-smoke-r4/YOLO-Master/configs/a1/p1_pretrained/pilot_data/images/val2017/000000111609.jpg,0.6932222843170166,1
0,0,0,0,0,0,0,1,/data/data2/TuJiajun/A1-smoke-r4/YOLO-Master/configs/a1/p1_pretrained/pilot_data/images/val2017/000000537964.jpg,0.858780026435852,1
4,3,0,2,1,0,0,8,/data/data2/TuJiajun/A1-smoke-r4/YOLO-Master/configs/a1/p1_pretrained/pilot_data/images/val2017/000000186345.jpg,3.681467294692993,4
12,1,0,0,0,1,0,15,/data/data2/TuJiajun/A1-smoke-r4/YOLO-Master/configs/a1/p1_pretrained/pilot_data/images/val2017/000000176037.jpg,2.384540617465973,3
7,3,2,1,0,0,0,15,/data/data2/TuJiajun/A1-smoke-r4/YOLO-Master/configs/a1/p1_pretrained/pilot_data/images/val2017/000000453841.jpg,6.980208218097687,8
10,0,0,0,0,0,0,17,/data/data2/TuJiajun/A1-smoke-r4/YOLO-Master/configs/a1/p1_pretrained/pilot_data/images/val2017/000000064084.jpg,6.320201396942139,7
8,9,3,1,0,1,4,22,/data/data2/TuJiajun/A1-smoke-r4/YOLO-Master/configs/a1/p1_pretrained/pilot_data/images/val2017/000000288685.jpg,11.25102186203003,14
1,1,1,0,0,0,0,2,/data/data2/TuJiajun/A1-smoke-r4/YOLO-Master/configs/a1/p1_pretrained/pilot_data/images/val2017/000000147205.jpg,0.9693357348442078,1
0,0,0,0,0,0,0,1,/data/data2/TuJiajun/A1-smoke-r4/YOLO-Master/configs/a1/p1_pretrained/pilot_data/images/val2017/000000231169.jpg,0.8895286321640015,1
8,3,1,0,0,0,2,11,/data/data2/TuJiajun/A1-smoke-r4/YOLO-Master/configs/a1/p1_pretrained/pilot_data/images/val2017/000000345361.jpg,2.6017009019851685,3
1,0,0,0,0,0,0,2,/data/data2/TuJiajun/A1-smoke-r4/YOLO-Master/configs/a1/p1_pretrained/pilot_data/images/val2017/000000225946.jpg,0.9463808536529541,1
5,2,1,0,1,0,0,10,/data/data2/TuJiajun/A1-smoke-r4/YOLO-Master/configs/a1/p1_pretrained/pilot_data/images/val2017/000000011511.jpg,3.7689502239227295,5
1,2,0,2,0,0,0,1,/data/data2/TuJiajun/A1-smoke-r4/YOLO-Master/configs/a1/p1_pretrained/pilot_data/images/val2017/000000188906.jpg,0,0
2,2,2,0,0,0,0,9,/data/data2/TuJiajun/A1-smoke-r4/YOLO-Master/configs/a1/p1_pretrained/pilot_data/images/val2017/000000225757.jpg,6.180935502052307,7
4,2,1,1,0,0,0,5,/data/data2/TuJiajun/A1-smoke-r4/YOLO-Master/configs/a1/p1_pretrained/pilot_data/images/val2017/000000016010.jpg,0.9238881468772888,1
2,0,0,0,0,0,0,9,/data/data2/TuJiajun/A1-smoke-r4/YOLO-Master/configs/a1/p1_pretrained/pilot_data/images/val2017/000000480021.jpg,5.785473525524139,7
4,0,0,0,0,0,0,5,/data/data2/TuJiajun/A1-smoke-r4/YOLO-Master/configs/a1/p1_pretrained/pilot_data/images/val2017/000000172935.jpg,0.9200219511985779,1
0,0,0,0,0,0,0,2,/data/data2/TuJiajun/A1-smoke-r4/YOLO-Master/configs/a1/p1_pretrained/pilot_data/images/val2017/000000197022.jpg,1.8560203909873962,2
3,0,0,0,0,0,0,10,/data/data2/TuJiajun/A1-smoke-r4/YOLO-Master/configs/a1/p1_pretrained/pilot_data/images/val2017/000000470779.jpg,4.961749613285065,7
3,0,0,0,0,0,0,4,/data/data2/TuJiajun/A1-smoke-r4/YOLO-Master/configs/a1/p1_pretrained/pilot_data/images/val2017/000000022755.jpg,0.9366896152496338,1
0,0,0,0,0,0,0,7,/data/data2/TuJiajun/A1-smoke-r4/YOLO-Master/configs/a1/p1_pretrained/pilot_data/images/val2017/000000450758.jpg,6.022580623626709,7
1,0,0,0,0,0,0,3,/data/data2/TuJiajun/A1-smoke-r4/YOLO-Master/configs/a1/p1_pretrained/pilot_data/images/val2017/000000575187.jpg,1.8443256616592407,2
1,0,0,0,0,0,0,2,/data/data2/TuJiajun/A1-smoke-r4/YOLO-Master/configs/a1/p1_pretrained/pilot_data/images/val2017/000000572303.jpg,0.8588685989379883,1
0,2,1,0,0,1,0,1,/data/data2/TuJiajun/A1-smoke-r4/YOLO-Master/configs/a1/p1_pretrained/pilot_data/images/val2017/000000571943.jpg,0.6921641826629639,1
0,1,0,0,0,0,1,5,/data/data2/TuJiajun/A1-smoke-r4/YOLO-Master/configs/a1/p1_pretrained/pilot_data/images/val2017/000000567886.jpg,3.9924808144569397,5
3,2,1,0,0,1,0,8,/data/data2/TuJiajun/A1-smoke-r4/YOLO-Master/configs/a1/p1_pretrained/pilot_data/images/val2017/000000018837.jpg,3.8398372530937195,5
14,4,1,0,0,1,2,20,/data/data2/TuJiajun/A1-smoke-r4/YOLO-Master/configs/a1/p1_pretrained/pilot_data/images/val2017/000000560474.jpg,4.663823902606964,6
1,1,1,0,0,0,0,1,/data/data2/TuJiajun/A1-smoke-r4/YOLO-Master/configs/a1/p1_pretrained/pilot_data/images/val2017/000000546826.jpg,0,0
3,0,0,0,0,0,0,7,/data/data2/TuJiajun/A1-smoke-r4/YOLO-Master/configs/a1/p1_pretrained/pilot_data/images/val2017/000000018150.jpg,3.2818612456321716,4
8,0,0,0,0,0,0,9,/data/data2/TuJiajun/A1-smoke-r4/YOLO-Master/configs/a1/p1_pretrained/pilot_data/images/val2017/000000215644.jpg,0.9900892376899719,1
2,1,0,0,1,0,0,5,/data/data2/TuJiajun/A1-smoke-r4/YOLO-Master/configs/a1/p1_pretrained/pilot_data/images/val2017/000000031735.jpg,2.67563933134079,3
0,0,0,0,0,0,0,2,/data/data2/TuJiajun/A1-smoke-r4/YOLO-Master/configs/a1/p1_pretrained/pilot_data/images/val2017/000000030494.jpg,1.5770612359046936,2
11,0,0,0,0,0,0,18,/data/data2/TuJiajun/A1-smoke-r4/YOLO-Master/configs/a1/p1_pretrained/pilot_data/images/val2017/000000520264.jpg,5.655982553958893,7
1,1,0,0,0,1,0,7,/data/data2/TuJiajun/A1-smoke-r4/YOLO-Master/configs/a1/p1_pretrained/pilot_data/images/val2017/000000528862.jpg,5.1825270652771,6
1,2,1,0,1,0,0,3,/data/data2/TuJiajun/A1-smoke-r4/YOLO-Master/configs/a1/p1_pretrained/pilot_data/images/val2017/000000521540.jpg,1.788559079170227,2
0,0,0,0,0,0,0,2,/data/data2/TuJiajun/A1-smoke-r4/YOLO-Master/configs/a1/p1_pretrained/pilot_data/images/val2017/000000206411.jpg,1.8509341478347778,2
0,1,1,0,0,0,0,1,/data/data2/TuJiajun/A1-smoke-r4/YOLO-Master/configs/a1/p1_pretrained/pilot_data/images/val2017/000000213816.jpg,0.9693965315818787,1
6,1,0,0,0,0,1,13,/data/data2/TuJiajun/A1-smoke-r4/YOLO-Master/configs/a1/p1_pretrained/pilot_data/images/val2017/000000499181.jpg,6.031960666179657,7
2,0,0,0,0,0,0,5,/data/data2/TuJiajun/A1-smoke-r4/YOLO-Master/configs/a1/p1_pretrained/pilot_data/images/val2017/000000506656.jpg,2.581545114517212,3
0,0,0,0,0,0,0,3,/data/data2/TuJiajun/A1-smoke-r4/YOLO-Master/configs/a1/p1_pretrained/pilot_data/images/val2017/000000507473.jpg,2.8416466116905212,3
14,4,0,0,0,1,3,22,/data/data2/TuJiajun/A1-smoke-r4/YOLO-Master/configs/a1/p1_pretrained/pilot_data/images/val2017/000000518770.jpg,6.541278541088104,8
9,0,0,0,0,0,0,11,/data/data2/TuJiajun/A1-smoke-r4/YOLO-Master/configs/a1/p1_pretrained/pilot_data/images/val2017/000000516316.jpg,1.8980956077575684,2
5,1,0,0,0,1,0,9,/data/data2/TuJiajun/A1-smoke-r4/YOLO-Master/configs/a1/p1_pretrained/pilot_data/images/val2017/000000195842.jpg,3.750266194343567,4
0,1,0,0,0,1,0,1,/data/data2/TuJiajun/A1-smoke-r4/YOLO-Master/configs/a1/p1_pretrained/pilot_data/images/val2017/000000176634.jpg,0.8661753535270691,1
0,1,1,0,0,0,0,3,/data/data2/TuJiajun/A1-smoke-r4/YOLO-Master/configs/a1/p1_pretrained/pilot_data/images/val2017/000000171740.jpg,2.7608249187469482,3
0,0,0,0,0,0,0,1,/data/data2/TuJiajun/A1-smoke-r4/YOLO-Master/configs/a1/p1_pretrained/pilot_data/images/val2017/000000180188.jpg,0.9173539876937866,1
2,1,0,1,0,0,0,6,/data/data2/TuJiajun/A1-smoke-r4/YOLO-Master/configs/a1/p1_pretrained/pilot_data/images/val2017/000000185599.jpg,3.620318293571472,4
0,1,0,0,0,1,0,2,/data/data2/TuJiajun/A1-smoke-r4/YOLO-Master/configs/a1/p1_pretrained/pilot_data/images/val2017/000000187990.jpg,1.8271145224571228,2
0,0,0,0,0,0,0,1,/data/data2/TuJiajun/A1-smoke-r4/YOLO-Master/configs/a1/p1_pretrained/pilot_data/images/val2017/000000187745.jpg,0.9613819122314453,1
0,1,1,0,0,0,0,2,/data/data2/TuJiajun/A1-smoke-r4/YOLO-Master/configs/a1/p1_pretrained/pilot_data/images/val2017/000000227482.jpg,1.8214522004127502,2
0,0,0,0,0,0,0,2,/data/data2/TuJiajun/A1-smoke-r4/YOLO-Master/configs/a1/p1_pretrained/pilot_data/images/val2017/000000228981.jpg,1.788651943206787,2
5,3,0,3,0,0,0,11,/data/data2/TuJiajun/A1-smoke-r4/YOLO-Master/configs/a1/p1_pretrained/pilot_data/images/val2017/000000231097.jpg,4.898029208183289,6
2,0,0,0,0,0,0,3,/data/data2/TuJiajun/A1-smoke-r4/YOLO-Master/configs/a1/p1_pretrained/pilot_data/images/val2017/000000498286.jpg,0.9182820320129395,1
0,0,0,0,0,0,0,1,/data/data2/TuJiajun/A1-smoke-r4/YOLO-Master/configs/a1/p1_pretrained/pilot_data/images/val2017/000000160666.jpg,0.962655782699585,1
9,3,2,0,0,0,1,16,/data/data2/TuJiajun/A1-smoke-r4/YOLO-Master/configs/a1/p1_pretrained/pilot_data/images/val2017/000000156071.jpg,5.837340712547302,7
0,0,0,0,0,0,0,3,/data/data2/TuJiajun/A1-smoke-r4/YOLO-Master/configs/a1/p1_pretrained/pilot_data/images/val2017/000000167898.jpg,2.6967647075653076,3
1,0,0,0,0,0,0,2,/data/data2/TuJiajun/A1-smoke-r4/YOLO-Master/configs/a1/p1_pretrained/pilot_data/images/val2017/000000236592.jpg,0.9785242080688477,1
1,2,0,0,0,1,1,4,/data/data2/TuJiajun/A1-smoke-r4/YOLO-Master/configs/a1/p1_pretrained/pilot_data/images/val2017/000000513688.jpg,2.8349503874778748,3
1,5,3,0,0,2,0,16,/data/data2/TuJiajun/A1-smoke-r4/YOLO-Master/configs/a1/p1_pretrained/pilot_data/images/val2017/000000166287.jpg,12.569539666175842,15
0,1,0,0,0,1,0,3,/data/data2/TuJiajun/A1-smoke-r4/YOLO-Master/configs/a1/p1_pretrained/pilot_data/images/val2017/000000171298.jpg,2.7781586050987244,3
0,0,0,0,0,0,0,1,/data/data2/TuJiajun/A1-smoke-r4/YOLO-Master/configs/a1/p1_pretrained/pilot_data/images/val2017/000000252332.jpg,0.972946286201477,1
0,2,1,0,0,0,1,4,/data/data2/TuJiajun/A1-smoke-r4/YOLO-Master/configs/a1/p1_pretrained/pilot_data/images/val2017/000000172648.jpg,3.279087543487549,4
0,1,0,1,0,0,0,2,/data/data2/TuJiajun/A1-smoke-r4/YOLO-Master/configs/a1/p1_pretrained/pilot_data/images/val2017/000000234660.jpg,1.877151906490326,2
2,0,0,0,0,0,0,4,/data/data2/TuJiajun/A1-smoke-r4/YOLO-Master/configs/a1/p1_pretrained/pilot_data/images/val2017/000000176606.jpg,1.8691628575325012,2
0,0,0,0,0,0,0,1,/data/data2/TuJiajun/A1-smoke-r4/YOLO-Master/configs/a1/p1_pretrained/pilot_data/images/val2017/000000172856.jpg,0.9540797472000122,1
5,0,0,0,0,0,0,10,/data/data2/TuJiajun/A1-smoke-r4/YOLO-Master/configs/a1/p1_pretrained/pilot_data/images/val2017/000000244411.jpg,4.348361909389496,5
10,2,0,0,2,0,0,15,/data/data2/TuJiajun/A1-smoke-r4/YOLO-Master/configs/a1/p1_pretrained/pilot_data/images/val2017/000000125778.jpg,4.301648795604706,5
5,2,1,0,1,0,0,7,/data/data2/TuJiajun/A1-smoke-r4/YOLO-Master/configs/a1/p1_pretrained/pilot_data/images/val2017/000000132375.jpg,1.8778682947158813,2
5,4,0,0,1,2,1,11,/data/data2/TuJiajun/A1-smoke-r4/YOLO-Master/configs/a1/p1_pretrained/pilot_data/images/val2017/000000540932.jpg,4.576397955417633,6
2,0,0,0,0,0,0,3,/data/data2/TuJiajun/A1-smoke-r4/YOLO-Master/configs/a1/p1_pretrained/pilot_data/images/val2017/000000283717.jpg,0.9212976098060608,1
11,2,0,0,0,0,2,22,/data/data2/TuJiajun/A1-smoke-r4/YOLO-Master/configs/a1/p1_pretrained/pilot_data/images/val2017/000000280710.jpg,9.184277772903442,11
1,1,0,0,0,0,1,6,/data/data2/TuJiajun/A1-smoke-r4/YOLO-Master/configs/a1/p1_pretrained/pilot_data/images/val2017/000000278705.jpg,4.518218576908112,5
2,3,0,3,0,0,0,5,/data/data2/TuJiajun/A1-smoke-r4/YOLO-Master/configs/a1/p1_pretrained/pilot_data/images/val2017/000000141821.jpg,2.83588445186615,3
2,2,0,0,0,1,1,4,/data/data2/TuJiajun/A1-smoke-r4/YOLO-Master/configs/a1/p1_pretrained/pilot_data/images/val2017/000000142790.jpg,1.4056569933891296,2
3,3,1,0,0,0,2,7,/data/data2/TuJiajun/A1-smoke-r4/YOLO-Master/configs/a1/p1_pretrained/pilot_data/images/val2017/000000144706.jpg,3.1068683862686157,4
5,1,0,0,1,0,0,13,/data/data2/TuJiajun/A1-smoke-r4/YOLO-Master/configs/a1/p1_pretrained/pilot_data/images/val2017/000000146457.jpg,7.153234481811523,8
7,4,0,1,2,0,1,8,/data/data2/TuJiajun/A1-smoke-r4/YOLO-Master/configs/a1/p1_pretrained/pilot_data/images/val2017/000000140203.jpg,0.7655870914459229,1
0,0,0,0,0,0,0,6,/data/data2/TuJiajun/A1-smoke-r4/YOLO-Master/configs/a1/p1_pretrained/pilot_data/images/val2017/000000148957.jpg,5.770016670227051,6
12,1,0,0,0,0,1,25,/data/data2/TuJiajun/A1-smoke-r4/YOLO-Master/configs/a1/p1_pretrained/pilot_data/images/val2017/000000153011.jpg,10.854175567626953,13
11,10,7,0,0,1,2,28,/data/data2/TuJiajun/A1-smoke-r4/YOLO-Master/configs/a1/p1_pretrained/pilot_data/images/val2017/000000253742.jpg,14.823865056037903,17
2,0,0,0,0,0,0,2,/data/data2/TuJiajun/A1-smoke-r4/YOLO-Master/configs/a1/p1_pretrained/pilot_data/images/val2017/000000269314.jpg,0,0
6,0,0,0,0,0,0,14,/data/data2/TuJiajun/A1-smoke-r4/YOLO-Master/configs/a1/p1_pretrained/pilot_data/images/val2017/000000465806.jpg,6.982448995113373,8
5,0,0,0,0,0,0,9,/data/data2/TuJiajun/A1-smoke-r4/YOLO-Master/configs/a1/p1_pretrained/pilot_data/images/val2017/000000469246.jpg,3.341759741306305,4
0,0,0,0,0,0,0,4,/data/data2/TuJiajun/A1-smoke-r4/YOLO-Master/configs/a1/p1_pretrained/pilot_data/images/val2017/000000153632.jpg,3.6424281001091003,4
3,1,0,0,0,1,0,9,/data/data2/TuJiajun/A1-smoke-r4/YOLO-Master/configs/a1/p1_pretrained/pilot_data/images/val2017/000000155341.jpg,5.18874454498291,6
4,3,1,1,0,0,1,6,/data/data2/TuJiajun/A1-smoke-r4/YOLO-Master/configs/a1/p1_pretrained/pilot_data/images/val2017/000000350003.jpg,1.6784858703613281,2
2,0,0,0,0,0,0,3,/data/data2/TuJiajun/A1-smoke-r4/YOLO-Master/configs/a1/p1_pretrained/pilot_data/images/val2017/000000104119.jpg,0.93354332447052,1
0,1,0,1,0,0,0,2,/data/data2/TuJiajun/A1-smoke-r4/YOLO-Master/configs/a1/p1_pretrained/pilot_data/images/val2017/000000101420.jpg,1.906627893447876,2
9,0,0,0,0,0,0,14,/data/data2/TuJiajun/A1-smoke-r4/YOLO-Master/configs/a1/p1_pretrained/pilot_data/images/val2017/000000357978.jpg,4.664716184139252,5
14,5,3,0,0,0,2,25,/data/data2/TuJiajun/A1-smoke-r4/YOLO-Master/configs/a1/p1_pretrained/pilot_data/images/val2017/000000336053.jpg,9.008147239685059,11
1,0,0,0,0,0,0,1,/data/data2/TuJiajun/A1-smoke-r4/YOLO-Master/configs/a1/p1_pretrained/pilot_data/images/val2017/000000355677.jpg,0,0
0,2,1,0,0,1,0,4,/data/data2/TuJiajun/A1-smoke-r4/YOLO-Master/configs/a1/p1_pretrained/pilot_data/images/val2017/000000116068.jpg,3.247649312019348,4
24,4,0,0,1,2,1,38,/data/data2/TuJiajun/A1-smoke-r4/YOLO-Master/configs/a1/p1_pretrained/pilot_data/images/val2017/000000289741.jpg,11.26174134016037,14
2,0,0,0,0,0,0,16,/data/data2/TuJiajun/A1-smoke-r4/YOLO-Master/configs/a1/p1_pretrained/pilot_data/images/val2017/000000323799.jpg,12.117654740810394,14
4,3,2,0,1,0,0,7,/data/data2/TuJiajun/A1-smoke-r4/YOLO-Master/configs/a1/p1_pretrained/pilot_data/images/val2017/000000453302.jpg,2.5312607884407043,3
2,0,0,0,0,0,0,3,/data/data2/TuJiajun/A1-smoke-r4/YOLO-Master/configs/a1/p1_pretrained/pilot_data/images/val2017/000000530466.jpg,0.9590132236480713,1
1,4,1,1,1,0,1,6,/data/data2/TuJiajun/A1-smoke-r4/YOLO-Master/configs/a1/p1_pretrained/pilot_data/images/val2017/000000119452.jpg,4.6530832052230835,5
15,3,0,0,0,3,0,23,/data/data2/TuJiajun/A1-smoke-r4/YOLO-Master/configs/a1/p1_pretrained/pilot_data/images/val2017/000000530975.jpg,6.295830607414246,8
0,0,0,0,0,0,0,5,/data/data2/TuJiajun/A1-smoke-r4/YOLO-Master/configs/a1/p1_pretrained/pilot_data/images/val2017/000000532058.jpg,4.580397248268127,5
3,2,0,0,0,0,2,6,/data/data2/TuJiajun/A1-smoke-r4/YOLO-Master/configs/a1/p1_pretrained/pilot_data/images/val2017/000000320632.jpg,2.5465312004089355,3
6,0,0,0,0,0,0,13,/data/data2/TuJiajun/A1-smoke-r4/YOLO-Master/configs/a1/p1_pretrained/pilot_data/images/val2017/000000322211.jpg,6.594940900802612,7
0,0,0,0,0,0,0,1,/data/data2/TuJiajun/A1-smoke-r4/YOLO-Master/configs/a1/p1_pretrained/pilot_data/images/val2017/000000104198.jpg,0.964585542678833,1
4,0,0,0,0,0,0,5,/data/data2/TuJiajun/A1-smoke-r4/YOLO-Master/configs/a1/p1_pretrained/pilot_data/images/val2017/000000458109.jpg,0.9622360467910767,1
6,1,0,0,0,1,0,7,/data/data2/TuJiajun/A1-smoke-r4/YOLO-Master/configs/a1/p1_pretrained/pilot_data/images/val2017/000000453584.jpg,0.7665711641311646,1
2,1,0,0,0,0,1,2,/data/data2/TuJiajun/A1-smoke-r4/YOLO-Master/configs/a1/p1_pretrained/pilot_data/images/val2017/000000277584.jpg,0,0
0,0,0,0,0,0,0,2,/data/data2/TuJiajun/A1-smoke-r4/YOLO-Master/configs/a1/p1_pretrained/pilot_data/images/val2017/000000486479.jpg,1.9112677574157715,2
0,2,0,0,0,2,0,2,/data/data2/TuJiajun/A1-smoke-r4/YOLO-Master/configs/a1/p1_pretrained/pilot_data/images/val2017/000000488736.jpg,1.822273850440979,2
2,0,0,0,0,0,0,5,/data/data2/TuJiajun/A1-smoke-r4/YOLO-Master/configs/a1/p1_pretrained/pilot_data/images/val2017/000000482917.jpg,2.6346782445907593,3
12,1,0,0,1,0,0,19,/data/data2/TuJiajun/A1-smoke-r4/YOLO-Master/configs/a1/p1_pretrained/pilot_data/images/val2017/000000482275.jpg,5.839760780334473,7
4,4,1,0,1,1,1,6,/data/data2/TuJiajun/A1-smoke-r4/YOLO-Master/configs/a1/p1_pretrained/pilot_data/images/val2017/000000121497.jpg,1.4924820065498352,2
5,1,0,0,0,0,1,8,/data/data2/TuJiajun/A1-smoke-r4/YOLO-Master/configs/a1/p1_pretrained/pilot_data/images/val2017/000000296222.jpg,2.814178228378296,3
8,4,1,0,1,0,2,15,/data/data2/TuJiajun/A1-smoke-r4/YOLO-Master/configs/a1/p1_pretrained/pilot_data/images/val2017/000000534041.jpg,5.913984179496765,7
7,2,0,1,0,1,0,13,/data/data2/TuJiajun/A1-smoke-r4/YOLO-Master/configs/a1/p1_pretrained/pilot_data/images/val2017/000000292997.jpg,5.202748894691467,6
14,1,0,0,0,0,1,20,/data/data2/TuJiajun/A1-smoke-r4/YOLO-Master/configs/a1/p1_pretrained/pilot_data/images/val2017/000000308328.jpg,5.697486579418182,6
0,2,1,0,0,1,0,7,/data/data2/TuJiajun/A1-smoke-r4/YOLO-Master/configs/a1/p1_pretrained/pilot_data/images/val2017/000000538067.jpg,5.5675488114356995,7
3,2,1,0,0,0,1,4,/data/data2/TuJiajun/A1-smoke-r4/YOLO-Master/configs/a1/p1_pretrained/pilot_data/images/val2017/000000050331.jpg,0.557887852191925,1
2,1,1,0,0,0,0,4,/data/data2/TuJiajun/A1-smoke-r4/YOLO-Master/configs/a1/p1_pretrained/pilot_data/images/val2017/000000429623.jpg,1.9557281136512756,2
3,3,0,0,2,1,0,4,/data/data2/TuJiajun/A1-smoke-r4/YOLO-Master/configs/a1/p1_pretrained/pilot_data/images/val2017/000000447169.jpg,0.969093918800354,1
2,4,0,0,1,1,2,8,/data/data2/TuJiajun/A1-smoke-r4/YOLO-Master/configs/a1/p1_pretrained/pilot_data/images/val2017/000000442161.jpg,5.202311038970947,6
4,2,0,1,1,0,0,5,/data/data2/TuJiajun/A1-smoke-r4/YOLO-Master/configs/a1/p1_pretrained/pilot_data/images/val2017/000000398237.jpg,0.7867867946624756,1
7,2,0,1,0,1,0,12,/data/data2/TuJiajun/A1-smoke-r4/YOLO-Master/configs/a1/p1_pretrained/pilot_data/images/val2017/000000394677.jpg,4.241167724132538,5
2,0,0,0,0,0,0,4,/data/data2/TuJiajun/A1-smoke-r4/YOLO-Master/configs/a1/p1_pretrained/pilot_data/images/val2017/000000389812.jpg,1.8193833827972412,2
2,2,0,1,0,0,1,4,/data/data2/TuJiajun/A1-smoke-r4/YOLO-Master/configs/a1/p1_pretrained/pilot_data/images/val2017/000000383606.jpg,1.853447139263153,2
1,1,0,0,0,1,0,6,/data/data2/TuJiajun/A1-smoke-r4/YOLO-Master/configs/a1/p1_pretrained/pilot_data/images/val2017/000000377814.jpg,4.742527604103088,5
5,1,0,1,0,0,0,5,/data/data2/TuJiajun/A1-smoke-r4/YOLO-Master/configs/a1/p1_pretrained/pilot_data/images/val2017/000000421455.jpg,0,0
9,4,1,0,0,2,1,20,/data/data2/TuJiajun/A1-smoke-r4/YOLO-Master/configs/a1/p1_pretrained/pilot_data/images/val2017/000000075612.jpg,9.389008402824402,11
13,1,0,0,0,1,0,17,/data/data2/TuJiajun/A1-smoke-r4/YOLO-Master/configs/a1/p1_pretrained/pilot_data/images/val2017/000000065798.jpg,3.3848859667778015,4
4,1,0,0,0,1,0,11,/data/data2/TuJiajun/A1-smoke-r4/YOLO-Master/configs/a1/p1_pretrained/pilot_data/images/val2017/000000066771.jpg,6.275434374809265,7
1,0,0,0,0,0,0,4,/data/data2/TuJiajun/A1-smoke-r4/YOLO-Master/configs/a1/p1_pretrained/pilot_data/images/val2017/000000066635.jpg,2.8346241116523743,3
0,0,0,0,0,0,0,4,/data/data2/TuJiajun/A1-smoke-r4/YOLO-Master/configs/a1/p1_pretrained/pilot_data/images/val2017/000000067406.jpg,3.7931464314460754,4
29,8,0,2,0,1,5,37,/data/data2/TuJiajun/A1-smoke-r4/YOLO-Master/configs/a1/p1_pretrained/pilot_data/images/val2017/000000067616.jpg,6.874730467796326,8
0,1,1,0,0,0,0,2,/data/data2/TuJiajun/A1-smoke-r4/YOLO-Master/configs/a1/p1_pretrained/pilot_data/images/val2017/000000068765.jpg,1.9326634407043457,2
1,0,0,0,0,0,0,4,/data/data2/TuJiajun/A1-smoke-r4/YOLO-Master/configs/a1/p1_pretrained/pilot_data/images/val2017/000000073533.jpg,2.2552413940429688,3
1,5,2,1,0,1,1,5,/data/data2/TuJiajun/A1-smoke-r4/YOLO-Master/configs/a1/p1_pretrained/pilot_data/images/val2017/000000369757.jpg,3.730875313282013,4
3,1,1,0,0,0,0,7,/data/data2/TuJiajun/A1-smoke-r4/YOLO-Master/configs/a1/p1_pretrained/pilot_data/images/val2017/000000369370.jpg,3.401187241077423,4
8,2,2,0,0,0,0,11,/data/data2/TuJiajun/A1-smoke-r4/YOLO-Master/configs/a1/p1_pretrained/pilot_data/images/val2017/000000368684.jpg,2.708483874797821,3
1,3,0,0,0,1,2,15,/data/data2/TuJiajun/A1-smoke-r4/YOLO-Master/configs/a1/p1_pretrained/pilot_data/images/val2017/000000364322.jpg,11.904632568359375,14
6,2,0,0,2,0,0,10,/data/data2/TuJiajun/A1-smoke-r4/YOLO-Master/configs/a1/p1_pretrained/pilot_data/images/val2017/000000361238.jpg,2.8520426750183105,4
3,0,0,0,0,0,0,5,/data/data2/TuJiajun/A1-smoke-r4/YOLO-Master/configs/a1/p1_pretrained/pilot_data/images/val2017/000000081738.jpg,1.9304825067520142,2
1,1,0,0,0,1,0,6,/data/data2/TuJiajun/A1-smoke-r4/YOLO-Master/configs/a1/p1_pretrained/pilot_data/images/val2017/000000079588.jpg,4.118286967277527,5
5,3,0,3,0,0,0,7,/data/data2/TuJiajun/A1-smoke-r4/YOLO-Master/configs/a1/p1_pretrained/pilot_data/images/val2017/000000375493.jpg,1.4122068881988525,2
3,0,0,0,0,0,0,5,/data/data2/TuJiajun/A1-smoke-r4/YOLO-Master/configs/a1/p1_pretrained/pilot_data/images/val2017/000000086755.jpg,1.5262076258659363,2
0,0,0,0,0,0,0,3,/data/data2/TuJiajun/A1-smoke-r4/YOLO-Master/configs/a1/p1_pretrained/pilot_data/images/val2017/000000085195.jpg,2.79882150888443,3
3,1,0,1,0,0,0,5,/data/data2/TuJiajun/A1-smoke-r4/YOLO-Master/configs/a1/p1_pretrained/pilot_data/images/val2017/000000097679.jpg,1.6873354315757751,2
7,4,3,0,0,1,0,17,/data/data2/TuJiajun/A1-smoke-r4/YOLO-Master/configs/a1/p1_pretrained/pilot_data/images/val2017/000000095862.jpg,8.535091817378998,10
10,4,0,0,1,0,3,13,/data/data2/TuJiajun/A1-smoke-r4/YOLO-Master/configs/a1/p1_pretrained/pilot_data/images/val2017/000000099039.jpg,2.4186081886291504,3
2,1,0,0,1,0,0,5,/data/data2/TuJiajun/A1-smoke-r4/YOLO-Master/configs/a1/p1_pretrained/pilot_data/images/val2017/000000459662.jpg,2.830969750881195,3
4,2,0,0,0,1,1,7,/data/data2/TuJiajun/A1-smoke-r4/YOLO-Master/configs/a1/p1_pretrained/pilot_data/images/val2017/000000462576.jpg,2.564226806163788,3
17,3,0,1,0,1,1,21,/data/data2/TuJiajun/A1-smoke-r4/YOLO-Master/configs/a1/p1_pretrained/pilot_data/images/val2017/000000463522.jpg,3.048003077507019,4
4,1,0,0,1,0,0,5,/data/data2/TuJiajun/A1-smoke-r4/YOLO-Master/configs/a1/p1_pretrained/pilot_data/images/val2017/000000427034.jpg,0.874828577041626,1
6,3,0,1,1,0,1,17,/data/data2/TuJiajun/A1-smoke-r4/YOLO-Master/configs/a1/p1_pretrained/pilot_data/images/val2017/000000001000.jpg,9.341565728187561,11
0,2,1,0,0,0,1,3,/data/data2/TuJiajun/A1-smoke-r4/YOLO-Master/configs/a1/p1_pretrained/pilot_data/images/val2017/000000430056.jpg,2.2043923139572144,3
0,0,0,0,0,0,0,1,/data/data2/TuJiajun/A1-smoke-r4/YOLO-Master/configs/a1/p1_pretrained/pilot_data/images/val2017/000000064495.jpg,0.9428938031196594,1
3,3,2,1,0,0,0,7,/data/data2/TuJiajun/A1-smoke-r4/YOLO-Master/configs/a1/p1_pretrained/pilot_data/images/val2017/000000061171.jpg,3.511658191680908,4
7,1,0,0,0,0,1,9,/data/data2/TuJiajun/A1-smoke-r4/YOLO-Master/configs/a1/p1_pretrained/pilot_data/images/val2017/000000061108.jpg,1.8508282899856567,2
12,0,0,0,0,0,0,13,/data/data2/TuJiajun/A1-smoke-r4/YOLO-Master/configs/a1/p1_pretrained/pilot_data/images/val2017/000000060363.jpg,0.9663030505180359,1
0,0,0,0,0,0,0,1,/data/data2/TuJiajun/A1-smoke-r4/YOLO-Master/configs/a1/p1_pretrained/pilot_data/images/val2017/000000011122.jpg,0.9545413255691528,1
0,0,0,0,0,0,0,3,/data/data2/TuJiajun/A1-smoke-r4/YOLO-Master/configs/a1/p1_pretrained/pilot_data/images/val2017/000000416256.jpg,2.422597825527191,3
3,17,8,0,0,1,8,20,/data/data2/TuJiajun/A1-smoke-r4/YOLO-Master/configs/a1/p1_pretrained/pilot_data/images/val2017/000000414795.jpg,15.26150792837143,17
2,1,0,0,0,0,1,7,/data/data2/TuJiajun/A1-smoke-r4/YOLO-Master/configs/a1/p1_pretrained/pilot_data/images/val2017/000000414133.jpg,4.126719295978546,5
0,0,0,0,0,0,0,2,/data/data2/TuJiajun/A1-smoke-r4/YOLO-Master/configs/a1/p1_pretrained/pilot_data/images/val2017/000000402473.jpg,1.8351595401763916,2
0,0,0,0,0,0,0,2,/data/data2/TuJiajun/A1-smoke-r4/YOLO-Master/configs/a1/p1_pretrained/pilot_data/images/val2017/000000403353.jpg,1.8752616047859192,2
3,1,1,0,0,0,0,6,/data/data2/TuJiajun/A1-smoke-r4/YOLO-Master/configs/a1/p1_pretrained/pilot_data/images/val2017/000000064868.jpg,2.4840307235717773,3
15,4,1,0,0,0,3,30,/data/data2/TuJiajun/A1-smoke-r4/YOLO-Master/configs/a1/p1_pretrained/pilot_data/images/val2017/000000450399.jpg,11.820694327354431,15
6,1,0,0,0,0,1,16,/data/data2/TuJiajun/A1-smoke-r4/YOLO-Master/configs/a1/p1_pretrained/pilot_data/images/val2017/000000399205.jpg,8.14193058013916,10
0,0,0,0,0,0,0,0,/data/data2/TuJiajun/A1-smoke-r4/YOLO-Master/configs/a1/p1_pretrained/pilot_data/images/val2017/000000556498.jpg,0,0
1,3,0,1,0,0,2,3,/data/data2/TuJiajun/A1-smoke-r4/YOLO-Master/configs/a1/p1_pretrained/pilot_data/images/val2017/000000551815.jpg,1.808017909526825,2
1,0,0,0,0,0,0,4,/data/data2/TuJiajun/A1-smoke-r4/YOLO-Master/configs/a1/p1_pretrained/pilot_data/images/val2017/000000034139.jpg,2.456050753593445,3
0,2,2,0,0,0,0,7,/data/data2/TuJiajun/A1-smoke-r4/YOLO-Master/configs/a1/p1_pretrained/pilot_data/images/val2017/000000558854.jpg,6.413024187088013,7
2,0,0,0,0,0,0,6,/data/data2/TuJiajun/A1-smoke-r4/YOLO-Master/configs/a1/p1_pretrained/pilot_data/images/val2017/000000039769.jpg,3.841947317123413,4
12,3,0,0,1,0,2,18,/data/data2/TuJiajun/A1-smoke-r4/YOLO-Master/configs/a1/p1_pretrained/pilot_data/images/val2017/000000024243.jpg,5.498161494731903,6
1,0,0,0,0,0,0,5,/data/data2/TuJiajun/A1-smoke-r4/YOLO-Master/configs/a1/p1_pretrained/pilot_data/images/val2017/000000580197.jpg,3.7106425166130066,4
0,0,0,0,0,0,0,3,/data/data2/TuJiajun/A1-smoke-r4/YOLO-Master/configs/a1/p1_pretrained/pilot_data/images/val2017/000000022935.jpg,2.945416808128357,3
0,0,0,0,0,0,0,1,/data/data2/TuJiajun/A1-smoke-r4/YOLO-Master/configs/a1/p1_pretrained/pilot_data/images/val2017/000000046804.jpg,0.9315100908279419,1
1,0,0,0,0,0,0,4,/data/data2/TuJiajun/A1-smoke-r4/YOLO-Master/configs/a1/p1_pretrained/pilot_data/images/val2017/000000424975.jpg,2.061387538909912,3
2,0,0,0,0,0,0,3,/data/data2/TuJiajun/A1-smoke-r4/YOLO-Master/configs/a1/p1_pretrained/pilot_data/images/val2017/000000050326.jpg,0.8688048124313354,1
2,0,0,0,0,0,0,4,/data/data2/TuJiajun/A1-smoke-r4/YOLO-Master/configs/a1/p1_pretrained/pilot_data/images/val2017/000000285788.jpg,1.8846694231033325,2
2,0,0,0,0,0,0,3,/data/data2/TuJiajun/A1-smoke-r4/YOLO-Master/configs/a1/p1_pretrained/pilot_data/images/val2017/000000099024.jpg,0.9606204628944397,1
7,2,0,0,0,1,1,10,/data/data2/TuJiajun/A1-smoke-r4/YOLO-Master/configs/a1/p1_pretrained/pilot_data/images/val2017/000000570448.jpg,2.4087790846824646,3
2,0,0,0,0,0,0,9,/data/data2/TuJiajun/A1-smoke-r4/YOLO-Master/configs/a1/p1_pretrained/pilot_data/images/val2017/000000201426.jpg,6.238843083381653,7
6,3,1,0,1,1,0,9,/data/data2/TuJiajun/A1-smoke-r4/YOLO-Master/configs/a1/p1_pretrained/pilot_data/images/val2017/000000149222.jpg,2.8224551677703857,3
7,1,0,0,0,1,0,15,/data/data2/TuJiajun/A1-smoke-r4/YOLO-Master/configs/a1/p1_pretrained/pilot_data/images/val2017/000000507667.jpg,6.330287337303162,8
1,2,0,0,0,2,0,6,/data/data2/TuJiajun/A1-smoke-r4/YOLO-Master/configs/a1/p1_pretrained/pilot_data/images/val2017/000000174123.jpg,4.157914996147156,5
2,2,2,0,0,0,0,4,/data/data2/TuJiajun/A1-smoke-r4/YOLO-Master/configs/a1/p1_pretrained/pilot_data/images/val2017/000000540962.jpg,1.4195506572723389,2
10,0,0,0,0,0,0,11,/data/data2/TuJiajun/A1-smoke-r4/YOLO-Master/configs/a1/p1_pretrained/pilot_data/images/val2017/000000160772.jpg,0.6486049294471741,1
2,0,0,0,0,0,0,2,/data/data2/TuJiajun/A1-smoke-r4/YOLO-Master/configs/a1/p1_pretrained/pilot_data/images/val2017/000000071756.jpg,0,0
12,3,1,0,0,1,1,19,/data/data2/TuJiajun/A1-smoke-r4/YOLO-Master/configs/a1/p1_pretrained/pilot_data/images/val2017/000000204186.jpg,6.050188362598419,7
3,1,0,0,0,0,1,5,/data/data2/TuJiajun/A1-smoke-r4/YOLO-Master/configs/a1/p1_pretrained/pilot_data/images/val2017/000000250766.jpg,1.6746310591697693,2
3,0,0,0,0,0,0,7,/data/data2/TuJiajun/A1-smoke-r4/YOLO-Master/configs/a1/p1_pretrained/pilot_data/images/val2017/000000063047.jpg,3.4244953989982605,4
5,1,1,0,0,0,0,9,/data/data2/TuJiajun/A1-smoke-r4/YOLO-Master/configs/a1/p1_pretrained/pilot_data/images/val2017/000000137576.jpg,3.327612817287445,4
0,1,0,0,0,0,1,2,/data/data2/TuJiajun/A1-smoke-r4/YOLO-Master/configs/a1/p1_pretrained/pilot_data/images/val2017/000000161879.jpg,1.6860241889953613,2
1,0,0,0,0,0,0,4,/data/data2/TuJiajun/A1-smoke-r4/YOLO-Master/configs/a1/p1_pretrained/pilot_data/images/val2017/000000082807.jpg,2.787407100200653,3
0,2,0,0,1,1,0,1,/data/data2/TuJiajun/A1-smoke-r4/YOLO-Master/configs/a1/p1_pretrained/pilot_data/images/val2017/000000372718.jpg,0.6917119026184082,1
0,0,0,0,0,0,0,2,/data/data2/TuJiajun/A1-smoke-r4/YOLO-Master/configs/a1/p1_pretrained/pilot_data/images/val2017/000000090284.jpg,1.8998151421546936,2
1,1,0,0,1,0,0,3,/data/data2/TuJiajun/A1-smoke-r4/YOLO-Master/configs/a1/p1_pretrained/pilot_data/images/val2017/000000335954.jpg,1.9119382500648499,2
0,0,0,0,0,0,0,6,/data/data2/TuJiajun/A1-smoke-r4/YOLO-Master/configs/a1/p1_pretrained/pilot_data/images/val2017/000000414638.jpg,5.603970587253571,6
5,0,0,0,0,0,0,7,/data/data2/TuJiajun/A1-smoke-r4/YOLO-Master/configs/a1/p1_pretrained/pilot_data/images/val2017/000000047801.jpg,1.9116857647895813,2
3,4,0,1,0,2,1,10,/data/data2/TuJiajun/A1-smoke-r4/YOLO-Master/configs/a1/p1_pretrained/pilot_data/images/val2017/000000173371.jpg,6.584555447101593,7
0,3,1,1,0,1,0,1,/data/data2/TuJiajun/A1-smoke-r4/YOLO-Master/configs/a1/p1_pretrained/pilot_data/images/val2017/000000232489.jpg,0.9503455758094788,1
6,5,1,0,0,3,1,17,/data/data2/TuJiajun/A1-smoke-r4/YOLO-Master/configs/a1/p1_pretrained/pilot_data/images/val2017/000000233771.jpg,8.813831508159637,11
2,1,0,1,0,0,0,5,/data/data2/TuJiajun/A1-smoke-r4/YOLO-Master/configs/a1/p1_pretrained/pilot_data/images/val2017/000000547854.jpg,2.680387258529663,3
4,2,0,0,2,0,0,5,/data/data2/TuJiajun/A1-smoke-r4/YOLO-Master/configs/a1/p1_pretrained/pilot_data/images/val2017/000000544565.jpg,0.9123615026473999,1
2,1,0,1,0,0,0,4,/data/data2/TuJiajun/A1-smoke-r4/YOLO-Master/configs/a1/p1_pretrained/pilot_data/images/val2017/000000562229.jpg,1.7234673500061035,2
1,0,0,0,0,0,0,2,/data/data2/TuJiajun/A1-smoke-r4/YOLO-Master/configs/a1/p1_pretrained/pilot_data/images/val2017/000000409358.jpg,0.8908423185348511,1
0,1,1,0,0,0,0,1,/data/data2/TuJiajun/A1-smoke-r4/YOLO-Master/configs/a1/p1_pretrained/pilot_data/images/val2017/000000533958.jpg,0.6042446494102478,1
1,1,0,1,0,0,0,2,/data/data2/TuJiajun/A1-smoke-r4/YOLO-Master/configs/a1/p1_pretrained/pilot_data/images/val2017/000000326462.jpg,0.7166765332221985,1
6,5,2,2,1,0,0,9,/data/data2/TuJiajun/A1-smoke-r4/YOLO-Master/configs/a1/p1_pretrained/pilot_data/images/val2017/000000322959.jpg,2.81062650680542,3
1,0,0,0,0,0,0,3,/data/data2/TuJiajun/A1-smoke-r4/YOLO-Master/configs/a1/p1_pretrained/pilot_data/images/val2017/000000310862.jpg,1.8313534259796143,2
4,1,0,0,0,0,1,8,/data/data2/TuJiajun/A1-smoke-r4/YOLO-Master/configs/a1/p1_pretrained/pilot_data/images/val2017/000000255536.jpg,3.3978906869888306,4
8,4,2,0,0,0,2,10,/data/data2/TuJiajun/A1-smoke-r4/YOLO-Master/configs/a1/p1_pretrained/pilot_data/images/val2017/000000319607.jpg,1.6692763566970825,2
0,0,0,0,0,0,0,2,/data/data2/TuJiajun/A1-smoke-r4/YOLO-Master/configs/a1/p1_pretrained/pilot_data/images/val2017/000000456662.jpg,1.9219147562980652,2
1,0,0,0,0,0,0,7,/data/data2/TuJiajun/A1-smoke-r4/YOLO-Master/configs/a1/p1_pretrained/pilot_data/images/val2017/000000223738.jpg,5.035421848297119,6
2,1,0,0,0,0,1,6,/data/data2/TuJiajun/A1-smoke-r4/YOLO-Master/configs/a1/p1_pretrained/pilot_data/images/val2017/000000119995.jpg,3.637805938720703,4
7,3,1,0,0,1,1,14,/data/data2/TuJiajun/A1-smoke-r4/YOLO-Master/configs/a1/p1_pretrained/pilot_data/images/val2017/000000239274.jpg,5.341930270195007,7
1,1,0,0,0,0,1,2,/data/data2/TuJiajun/A1-smoke-r4/YOLO-Master/configs/a1/p1_pretrained/pilot_data/images/val2017/000000370813.jpg,0.9096311926841736,1
0,0,0,0,0,0,0,1,/data/data2/TuJiajun/A1-smoke-r4/YOLO-Master/configs/a1/p1_pretrained/pilot_data/images/val2017/000000377000.jpg,0.881406843662262,1
12,0,0,0,0,0,0,14,/data/data2/TuJiajun/A1-smoke-r4/YOLO-Master/configs/a1/p1_pretrained/pilot_data/images/val2017/000000213445.jpg,1.8851869702339172,2
1,1,0,1,0,0,0,2,/data/data2/TuJiajun/A1-smoke-r4/YOLO-Master/configs/a1/p1_pretrained/pilot_data/images/val2017/000000519688.jpg,0.907240092754364,1
1,1,1,0,0,0,0,4,/data/data2/TuJiajun/A1-smoke-r4/YOLO-Master/configs/a1/p1_pretrained/pilot_data/images/val2017/000000192716.jpg,2.8208423852920532,3
8,2,0,0,0,1,1,13,/data/data2/TuJiajun/A1-smoke-r4/YOLO-Master/configs/a1/p1_pretrained/pilot_data/images/val2017/000000290163.jpg,3.629481792449951,5
0,0,0,0,0,0,0,1,/data/data2/TuJiajun/A1-smoke-r4/YOLO-Master/configs/a1/p1_pretrained/pilot_data/images/val2017/000000056545.jpg,0.9677994251251221,1
0,0,0,0,0,0,0,1,/data/data2/TuJiajun/A1-smoke-r4/YOLO-Master/configs/a1/p1_pretrained/pilot_data/images/val2017/000000404534.jpg,0.5395362377166748,1
2,1,1,0,0,0,0,6,/data/data2/TuJiajun/A1-smoke-r4/YOLO-Master/configs/a1/p1_pretrained/pilot_data/images/val2017/000000554579.jpg,3.63129585981369,4
0,0,0,0,0,0,0,1,/data/data2/TuJiajun/A1-smoke-r4/YOLO-Master/configs/a1/p1_pretrained/pilot_data/images/val2017/000000482477.jpg,0.9448761343955994,1
2,1,0,0,0,1,0,11,/data/data2/TuJiajun/A1-smoke-r4/YOLO-Master/configs/a1/p1_pretrained/pilot_data/images/val2017/000000039914.jpg,7.177238404750824,9
0,0,0,0,0,0,0,2,/data/data2/TuJiajun/A1-smoke-r4/YOLO-Master/configs/a1/p1_pretrained/pilot_data/images/val2017/000000358195.jpg,1.8948151469230652,2
1,2,0,0,0,2,0,5,/data/data2/TuJiajun/A1-smoke-r4/YOLO-Master/configs/a1/p1_pretrained/pilot_data/images/val2017/000000022705.jpg,3.568798243999481,4
3,1,0,0,0,0,1,4,/data/data2/TuJiajun/A1-smoke-r4/YOLO-Master/configs/a1/p1_pretrained/pilot_data/images/val2017/000000053994.jpg,0.8255603313446045,1
2,1,0,0,0,0,1,3,/data/data2/TuJiajun/A1-smoke-r4/YOLO-Master/configs/a1/p1_pretrained/pilot_data/images/val2017/000000017905.jpg,0.9472864270210266,1
17,4,2,0,0,0,2,18,/data/data2/TuJiajun/A1-smoke-r4/YOLO-Master/configs/a1/p1_pretrained/pilot_data/images/val2017/000000429281.jpg,0.5167828798294067,1
1,1,0,0,0,0,1,4,/data/data2/TuJiajun/A1-smoke-r4/YOLO-Master/configs/a1/p1_pretrained/pilot_data/images/val2017/000000420281.jpg,2.8507261276245117,3
0,0,0,0,0,0,0,2,/data/data2/TuJiajun/A1-smoke-r4/YOLO-Master/configs/a1/p1_pretrained/pilot_data/images/val2017/000000442463.jpg,1.8571785688400269,2
0,0,0,0,0,0,0,1,/data/data2/TuJiajun/A1-smoke-r4/YOLO-Master/configs/a1/p1_pretrained/pilot_data/images/val2017/000000394328.jpg,0.9631415605545044,1
0,0,0,0,0,0,0,2,/data/data2/TuJiajun/A1-smoke-r4/YOLO-Master/configs/a1/p1_pretrained/pilot_data/images/val2017/000000336265.jpg,1.5886213779449463,2
11,1,1,0,0,0,0,13,/data/data2/TuJiajun/A1-smoke-r4/YOLO-Master/configs/a1/p1_pretrained/pilot_data/images/val2017/000000262631.jpg,1.5954011678695679,2
0,0,0,0,0,0,0,1,/data/data2/TuJiajun/A1-smoke-r4/YOLO-Master/configs/a1/p1_pretrained/pilot_data/images/val2017/000000263796.jpg,0.9495728611946106,1
0,1,1,0,0,0,0,1,/data/data2/TuJiajun/A1-smoke-r4/YOLO-Master/configs/a1/p1_pretrained/pilot_data/images/val2017/000000243495.jpg,0.9673523902893066,1
0,0,0,0,0,0,0,2,/data/data2/TuJiajun/A1-smoke-r4/YOLO-Master/configs/a1/p1_pretrained/pilot_data/images/val2017/000000275392.jpg,1.358307123184204,2
0,0,0,0,0,0,0,1,/data/data2/TuJiajun/A1-smoke-r4/YOLO-Master/configs/a1/p1_pretrained/pilot_data/images/val2017/000000308193.jpg,0.8658027052879333,1
0,0,0,0,0,0,0,1,/data/data2/TuJiajun/A1-smoke-r4/YOLO-Master/configs/a1/p1_pretrained/pilot_data/images/val2017/000000298904.jpg,0.931285560131073,1
1,0,0,0,0,0,0,4,/data/data2/TuJiajun/A1-smoke-r4/YOLO-Master/configs/a1/p1_pretrained/pilot_data/images/val2017/000000319721.jpg,2.6168572902679443,3
1,1,0,0,0,0,1,2,/data/data2/TuJiajun/A1-smoke-r4/YOLO-Master/configs/a1/p1_pretrained/pilot_data/images/val2017/000000322844.jpg,0.8907637000083923,1
1,0,0,0,0,0,0,2,/data/data2/TuJiajun/A1-smoke-r4/YOLO-Master/configs/a1/p1_pretrained/pilot_data/images/val2017/000000453040.jpg,0.7953263521194458,1
2,0,0,0,0,0,0,3,/data/data2/TuJiajun/A1-smoke-r4/YOLO-Master/configs/a1/p1_pretrained/pilot_data/images/val2017/000000464824.jpg,0.9828221201896667,1
10,6,0,0,0,0,6,13,/data/data2/TuJiajun/A1-smoke-r4/YOLO-Master/configs/a1/p1_pretrained/pilot_data/images/val2017/000000256407.jpg,1.9134362936019897,3
1,1,0,0,0,0,1,2,/data/data2/TuJiajun/A1-smoke-r4/YOLO-Master/configs/a1/p1_pretrained/pilot_data/images/val2017/000000482487.jpg,0.9197856783866882,1
0,0,0,0,0,0,0,2,/data/data2/TuJiajun/A1-smoke-r4/YOLO-Master/configs/a1/p1_pretrained/pilot_data/images/val2017/000000273642.jpg,1.9381389617919922,2
0,0,0,0,0,0,0,1,/data/data2/TuJiajun/A1-smoke-r4/YOLO-Master/configs/a1/p1_pretrained/pilot_data/images/val2017/000000245651.jpg,0.9690970182418823,1
2,2,0,1,0,0,1,5,/data/data2/TuJiajun/A1-smoke-r4/YOLO-Master/configs/a1/p1_pretrained/pilot_data/images/val2017/000000251140.jpg,2.3440544605255127,3
0,1,1,0,0,0,0,3,/data/data2/TuJiajun/A1-smoke-r4/YOLO-Master/configs/a1/p1_pretrained/pilot_data/images/val2017/000000161925.jpg,2.727287232875824,3
0,0,0,0,0,0,0,2,/data/data2/TuJiajun/A1-smoke-r4/YOLO-Master/configs/a1/p1_pretrained/pilot_data/images/val2017/000000131444.jpg,1.7790433168411255,2
0,0,0,0,0,0,0,0,/data/data2/TuJiajun/A1-smoke-r4/YOLO-Master/configs/a1/p1_pretrained/pilot_data/images/val2017/000000528977.jpg,0,0
0,0,0,0,0,0,0,1,/data/data2/TuJiajun/A1-smoke-r4/YOLO-Master/configs/a1/p1_pretrained/pilot_data/images/val2017/000000199977.jpg,0.8894765973091125,1
0,0,0,0,0,0,0,1,/data/data2/TuJiajun/A1-smoke-r4/YOLO-Master/configs/a1/p1_pretrained/pilot_data/images/val2017/000000197528.jpg,0.9453598856925964,1
4,4,0,1,0,2,1,14,/data/data2/TuJiajun/A1-smoke-r4/YOLO-Master/configs/a1/p1_pretrained/pilot_data/images/val2017/000000521141.jpg,8.345194280147552,10
10,0,0,0,0,0,0,13,/data/data2/TuJiajun/A1-smoke-r4/YOLO-Master/configs/a1/p1_pretrained/pilot_data/images/val2017/000000218439.jpg,2.5549668669700623,3
3,0,0,0,0,0,0,4,/data/data2/TuJiajun/A1-smoke-r4/YOLO-Master/configs/a1/p1_pretrained/pilot_data/images/val2017/000000501368.jpg,0.9851364493370056,1
5,0,0,0,0,0,0,9,/data/data2/TuJiajun/A1-smoke-r4/YOLO-Master/configs/a1/p1_pretrained/pilot_data/images/val2017/000000221708.jpg,3.8204901218414307,4
4,2,1,0,0,0,1,5,/data/data2/TuJiajun/A1-smoke-r4/YOLO-Master/configs/a1/p1_pretrained/pilot_data/images/val2017/000000506178.jpg,0.9065722227096558,1
2,0,0,0,0,0,0,9,/data/data2/TuJiajun/A1-smoke-r4/YOLO-Master/configs/a1/p1_pretrained/pilot_data/images/val2017/000000507223.jpg,5.8254464864730835,7
0,0,0,0,0,0,0,2,/data/data2/TuJiajun/A1-smoke-r4/YOLO-Master/configs/a1/p1_pretrained/pilot_data/images/val2017/000000188592.jpg,1.7541923522949219,2
6,4,2,1,1,0,0,7,/data/data2/TuJiajun/A1-smoke-r4/YOLO-Master/configs/a1/p1_pretrained/pilot_data/images/val2017/000000186632.jpg,0.9251652956008911,1
1,0,0,0,0,0,0,2,/data/data2/TuJiajun/A1-smoke-r4/YOLO-Master/configs/a1/p1_pretrained/pilot_data/images/val2017/000000175443.jpg,0.934151828289032,1
1,0,0,0,0,0,0,2,/data/data2/TuJiajun/A1-smoke-r4/YOLO-Master/configs/a1/p1_pretrained/pilot_data/images/val2017/000000184978.jpg,0.9655359387397766,1
2,1,0,0,1,0,0,3,/data/data2/TuJiajun/A1-smoke-r4/YOLO-Master/configs/a1/p1_pretrained/pilot_data/images/val2017/000000168974.jpg,0.9394998550415039,1
7,5,0,2,0,1,2,18,/data/data2/TuJiajun/A1-smoke-r4/YOLO-Master/configs/a1/p1_pretrained/pilot_data/images/val2017/000000107226.jpg,8.03979617357254,11
0,0,0,0,0,0,0,1,/data/data2/TuJiajun/A1-smoke-r4/YOLO-Master/configs/a1/p1_pretrained/pilot_data/images/val2017/000000023666.jpg,0.8917065858840942,1
8,2,0,0,0,1,1,17,/data/data2/TuJiajun/A1-smoke-r4/YOLO-Master/configs/a1/p1_pretrained/pilot_data/images/val2017/000000115946.jpg,6.788184940814972,9
0,0,0,0,0,0,0,1,/data/data2/TuJiajun/A1-smoke-r4/YOLO-Master/configs/a1/p1_pretrained/pilot_data/images/val2017/000000089761.jpg,0.9629585146903992,1
1,0,0,0,0,0,0,1,/data/data2/TuJiajun/A1-smoke-r4/YOLO-Master/configs/a1/p1_pretrained/pilot_data/images/val2017/000000120584.jpg,0,0
0,0,0,0,0,0,0,1,/data/data2/TuJiajun/A1-smoke-r4/YOLO-Master/configs/a1/p1_pretrained/pilot_data/images/val2017/000000537053.jpg,0.940990686416626,1
0,1,1,0,0,0,0,1,/data/data2/TuJiajun/A1-smoke-r4/YOLO-Master/configs/a1/p1_pretrained/pilot_data/images/val2017/000000542089.jpg,0.9038876891136169,1
2,4,2,0,0,0,2,8,/data/data2/TuJiajun/A1-smoke-r4/YOLO-Master/configs/a1/p1_pretrained/pilot_data/images/val2017/000000260266.jpg,4.8396318554878235,6
0,1,0,0,0,1,0,2,/data/data2/TuJiajun/A1-smoke-r4/YOLO-Master/configs/a1/p1_pretrained/pilot_data/images/val2017/000000452891.jpg,1.8783494234085083,2
3,1,0,1,0,0,0,5,/data/data2/TuJiajun/A1-smoke-r4/YOLO-Master/configs/a1/p1_pretrained/pilot_data/images/val2017/000000323571.jpg,1.5985139608383179,2
0,1,0,0,0,1,0,2,/data/data2/TuJiajun/A1-smoke-r4/YOLO-Master/configs/a1/p1_pretrained/pilot_data/images/val2017/000000286660.jpg,1.493334412574768,2
1,0,0,0,0,0,0,6,/data/data2/TuJiajun/A1-smoke-r4/YOLO-Master/configs/a1/p1_pretrained/pilot_data/images/val2017/000000546717.jpg,4.061490178108215,5
0,0,0,0,0,0,0,2,/data/data2/TuJiajun/A1-smoke-r4/YOLO-Master/configs/a1/p1_pretrained/pilot_data/images/val2017/000000276921.jpg,1.907326877117157,2
0,0,0,0,0,0,0,2,/data/data2/TuJiajun/A1-smoke-r4/YOLO-Master/configs/a1/p1_pretrained/pilot_data/images/val2017/000000274219.jpg,1.8649299144744873,2
1,0,0,0,0,0,0,5,/data/data2/TuJiajun/A1-smoke-r4/YOLO-Master/configs/a1/p1_pretrained/pilot_data/images/val2017/000000438304.jpg,3.383437752723694,4
9,3,0,1,0,0,2,14,/data/data2/TuJiajun/A1-smoke-r4/YOLO-Master/configs/a1/p1_pretrained/pilot_data/images/val2017/000000425906.jpg,3.673471748828888,5
5,3,0,1,0,0,2,9,/data/data2/TuJiajun/A1-smoke-r4/YOLO-Master/configs/a1/p1_pretrained/pilot_data/images/val2017/000000002431.jpg,3.670380115509033,4
6,0,0,0,0,0,0,13,/data/data2/TuJiajun/A1-smoke-r4/YOLO-Master/configs/a1/p1_pretrained/pilot_data/images/val2017/000000341469.jpg,6.136958837509155,7
2,0,0,0,0,0,0,4,/data/data2/TuJiajun/A1-smoke-r4/YOLO-Master/configs/a1/p1_pretrained/pilot_data/images/val2017/000000237928.jpg,1.7778395414352417,2
1,2,0,0,0,1,1,2,/data/data2/TuJiajun/A1-smoke-r4/YOLO-Master/configs/a1/p1_pretrained/pilot_data/images/val2017/000000331352.jpg,0.5288897752761841,1
1,2,2,0,0,0,0,3,/data/data2/TuJiajun/A1-smoke-r4/YOLO-Master/configs/a1/p1_pretrained/pilot_data/images/val2017/000000462031.jpg,1.8413116931915283,2
1,0,0,0,0,0,0,3,/data/data2/TuJiajun/A1-smoke-r4/YOLO-Master/configs/a1/p1_pretrained/pilot_data/images/val2017/000000403565.jpg,1.8583289980888367,2
1,1,0,0,0,0,1,2,/data/data2/TuJiajun/A1-smoke-r4/YOLO-Master/configs/a1/p1_pretrained/pilot_data/images/val2017/000000427077.jpg,0.9764119386672974,1
1,0,0,0,0,0,0,3,/data/data2/TuJiajun/A1-smoke-r4/YOLO-Master/configs/a1/p1_pretrained/pilot_data/images/val2017/000000015597.jpg,1.8832387328147888,2
0,0,0,0,0,0,0,2,/data/data2/TuJiajun/A1-smoke-r4/YOLO-Master/configs/a1/p1_pretrained/pilot_data/images/val2017/000000049269.jpg,1.7720922231674194,2
0,0,0,0,0,0,0,1,/data/data2/TuJiajun/A1-smoke-r4/YOLO-Master/configs/a1/p1_pretrained/pilot_data/images/val2017/000000380203.jpg,0.9866140484809875,1
0,0,0,0,0,0,0,4,/data/data2/TuJiajun/A1-smoke-r4/YOLO-Master/configs/a1/p1_pretrained/pilot_data/images/val2017/000000293071.jpg,3.86269348859787,4
0,0,0,0,0,0,0,1,/data/data2/TuJiajun/A1-smoke-r4/YOLO-Master/configs/a1/p1_pretrained/pilot_data/images/val2017/000000439522.jpg,0.9749734997749329,1
3,1,0,0,0,1,0,7,/data/data2/TuJiajun/A1-smoke-r4/YOLO-Master/configs/a1/p1_pretrained/pilot_data/images/val2017/000000291551.jpg,3.2189249992370605,4
2,2,1,0,1,0,0,8,/data/data2/TuJiajun/A1-smoke-r4/YOLO-Master/configs/a1/p1_pretrained/pilot_data/images/val2017/000000156292.jpg,5.460512101650238,6
0,0,0,0,0,0,0,4,/data/data2/TuJiajun/A1-smoke-r4/YOLO-Master/configs/a1/p1_pretrained/pilot_data/images/val2017/000000198489.jpg,3.7418535351753235,4
0,0,0,0,0,0,0,2,/data/data2/TuJiajun/A1-smoke-r4/YOLO-Master/configs/a1/p1_pretrained/pilot_data/images/val2017/000000333069.jpg,1.6847279071807861,2
17,0,0,0,0,0,0,20,/data/data2/TuJiajun/A1-smoke-r4/YOLO-Master/configs/a1/p1_pretrained/pilot_data/images/val2017/000000040471.jpg,2.3563754558563232,3
0,0,0,0,0,0,0,1,/data/data2/TuJiajun/A1-smoke-r4/YOLO-Master/configs/a1/p1_pretrained/pilot_data/images/val2017/000000049259.jpg,0.9340541958808899,1
5,0,0,0,0,0,0,6,/data/data2/TuJiajun/A1-smoke-r4/YOLO-Master/configs/a1/p1_pretrained/pilot_data/images/val2017/000000550322.jpg,0.9074974656105042,1
5,2,0,0,0,1,1,13,/data/data2/TuJiajun/A1-smoke-r4/YOLO-Master/configs/a1/p1_pretrained/pilot_data/images/val2017/000000199395.jpg,5.892748296260834,8
4,4,0,1,2,0,1,13,/data/data2/TuJiajun/A1-smoke-r4/YOLO-Master/configs/a1/p1_pretrained/pilot_data/images/val2017/000000088040.jpg,7.613650977611542,9
0,0,0,0,0,0,0,2,/data/data2/TuJiajun/A1-smoke-r4/YOLO-Master/configs/a1/p1_pretrained/pilot_data/images/val2017/000000054931.jpg,1.9077702760696411,2
0,1,0,0,0,1,0,3,/data/data2/TuJiajun/A1-smoke-r4/YOLO-Master/configs/a1/p1_pretrained/pilot_data/images/val2017/000000025424.jpg,2.5900713205337524,3
0,2,1,0,1,0,0,3,/data/data2/TuJiajun/A1-smoke-r4/YOLO-Master/configs/a1/p1_pretrained/pilot_data/images/val2017/000000285047.jpg,2.5588214993476868,3
2,1,0,0,0,0,1,5,/data/data2/TuJiajun/A1-smoke-r4/YOLO-Master/configs/a1/p1_pretrained/pilot_data/images/val2017/000000432553.jpg,2.3718512654304504,3
7,1,0,0,0,0,1,9,/data/data2/TuJiajun/A1-smoke-r4/YOLO-Master/configs/a1/p1_pretrained/pilot_data/images/val2017/000000466125.jpg,1.8775283694267273,2
14,2,0,0,1,0,1,23,/data/data2/TuJiajun/A1-smoke-r4/YOLO-Master/configs/a1/p1_pretrained/pilot_data/images/val2017/000000280891.jpg,7.745959639549255,9
0,0,0,0,0,0,0,2,/data/data2/TuJiajun/A1-smoke-r4/YOLO-Master/configs/a1/p1_pretrained/pilot_data/images/val2017/000000359677.jpg,1.7440254092216492,2
0,0,0,0,0,0,0,1,/data/data2/TuJiajun/A1-smoke-r4/YOLO-Master/configs/a1/p1_pretrained/pilot_data/images/val2017/000000420230.jpg,0.9878197312355042,1
0,0,0,0,0,0,0,1,/data/data2/TuJiajun/A1-smoke-r4/YOLO-Master/configs/a1/p1_pretrained/pilot_data/images/val2017/000000410487.jpg,0.8640506267547607,1
3,2,1,0,0,0,1,5,/data/data2/TuJiajun/A1-smoke-r4/YOLO-Master/configs/a1/p1_pretrained/pilot_data/images/val2017/000000404839.jpg,1.8214747905731201,2
0,0,0,0,0,0,0,2,/data/data2/TuJiajun/A1-smoke-r4/YOLO-Master/configs/a1/p1_pretrained/pilot_data/images/val2017/000000423104.jpg,1.8591409921646118,2
9,1,0,0,0,0,1,17,/data/data2/TuJiajun/A1-smoke-r4/YOLO-Master/configs/a1/p1_pretrained/pilot_data/images/val2017/000000410496.jpg,6.800833523273468,8
1,0,0,0,0,0,0,6,/data/data2/TuJiajun/A1-smoke-r4/YOLO-Master/configs/a1/p1_pretrained/pilot_data/images/val2017/000000562059.jpg,4.782432436943054,5
0,0,0,0,0,0,0,2,/data/data2/TuJiajun/A1-smoke-r4/YOLO-Master/configs/a1/p1_pretrained/pilot_data/images/val2017/000000130586.jpg,1.9093548655509949,2
2,2,0,0,0,1,1,3,/data/data2/TuJiajun/A1-smoke-r4/YOLO-Master/configs/a1/p1_pretrained/pilot_data/images/val2017/000000507042.jpg,0.5412936210632324,1
8,2,2,0,0,0,0,14,/data/data2/TuJiajun/A1-smoke-r4/YOLO-Master/configs/a1/p1_pretrained/pilot_data/images/val2017/000000183049.jpg,5.2344056367874146,6
3,2,0,0,0,1,1,9,/data/data2/TuJiajun/A1-smoke-r4/YOLO-Master/configs/a1/p1_pretrained/pilot_data/images/val2017/000000157365.jpg,4.957892179489136,6
0,0,0,0,0,0,0,2,/data/data2/TuJiajun/A1-smoke-r4/YOLO-Master/configs/a1/p1_pretrained/pilot_data/images/val2017/000000378454.jpg,1.9368930459022522,2
1,0,0,0,0,0,0,5,/data/data2/TuJiajun/A1-smoke-r4/YOLO-Master/configs/a1/p1_pretrained/pilot_data/images/val2017/000000193743.jpg,3.4717231392860413,4
0,0,0,0,0,0,0,4,/data/data2/TuJiajun/A1-smoke-r4/YOLO-Master/configs/a1/p1_pretrained/pilot_data/images/val2017/000000286849.jpg,3.7176589369773865,4
4,0,0,0,0,0,0,8,/data/data2/TuJiajun/A1-smoke-r4/YOLO-Master/configs/a1/p1_pretrained/pilot_data/images/val2017/000000374083.jpg,3.2037211060523987,4
0,0,0,0,0,0,0,2,/data/data2/TuJiajun/A1-smoke-r4/YOLO-Master/configs/a1/p1_pretrained/pilot_data/images/val2017/000000401244.jpg,1.902266502380371,2
4,3,0,0,1,0,2,7,/data/data2/TuJiajun/A1-smoke-r4/YOLO-Master/configs/a1/p1_pretrained/pilot_data/images/val2017/000000084492.jpg,2.7522823214530945,3
2,1,0,1,0,0,0,2,/data/data2/TuJiajun/A1-smoke-r4/YOLO-Master/configs/a1/p1_pretrained/pilot_data/images/val2017/000000377575.jpg,0,0
4,2,0,0,0,0,2,7,/data/data2/TuJiajun/A1-smoke-r4/YOLO-Master/configs/a1/p1_pretrained/pilot_data/images/val2017/000000306437.jpg,2.09521621465683,3
0,0,0,0,0,0,0,1,/data/data2/TuJiajun/A1-smoke-r4/YOLO-Master/configs/a1/p1_pretrained/pilot_data/images/val2017/000000133631.jpg,0.9506604671478271,1
1,1,0,0,0,0,1,6,/data/data2/TuJiajun/A1-smoke-r4/YOLO-Master/configs/a1/p1_pretrained/pilot_data/images/val2017/000000187055.jpg,3.99994695186615,5
3,0,0,0,0,0,0,4,/data/data2/TuJiajun/A1-smoke-r4/YOLO-Master/configs/a1/p1_pretrained/pilot_data/images/val2017/000000474854.jpg,0.9570457339286804,1
4,1,0,1,0,0,0,5,/data/data2/TuJiajun/A1-smoke-r4/YOLO-Master/configs/a1/p1_pretrained/pilot_data/images/val2017/000000572408.jpg,0.8497488498687744,1
0,1,0,0,0,1,0,1,/data/data2/TuJiajun/A1-smoke-r4/YOLO-Master/configs/a1/p1_pretrained/pilot_data/images/val2017/000000531771.jpg,0.887316882610321,1
0,0,0,0,0,0,0,1,/data/data2/TuJiajun/A1-smoke-r4/YOLO-Master/configs/a1/p1_pretrained/pilot_data/images/val2017/000000521282.jpg,0.9481720924377441,1
3,5,3,0,0,1,1,10,/data/data2/TuJiajun/A1-smoke-r4/YOLO-Master/configs/a1/p1_pretrained/pilot_data/images/val2017/000000528314.jpg,5.853733062744141,7
0,1,1,0,0,0,0,1,/data/data2/TuJiajun/A1-smoke-r4/YOLO-Master/configs/a1/p1_pretrained/pilot_data/images/val2017/000000080057.jpg,0.9163919687271118,1
12,1,0,0,0,0,1,19,/data/data2/TuJiajun/A1-smoke-r4/YOLO-Master/configs/a1/p1_pretrained/pilot_data/images/val2017/000000370486.jpg,6.384436547756195,7
0,1,1,0,0,0,0,0,/data/data2/TuJiajun/A1-smoke-r4/YOLO-Master/configs/a1/p1_pretrained/pilot_data/images/val2017/000000550939.jpg,0,0
1,1,1,0,0,0,0,2,/data/data2/TuJiajun/A1-smoke-r4/YOLO-Master/configs/a1/p1_pretrained/pilot_data/images/val2017/000000153782.jpg,0.8981742858886719,1
0,1,0,0,0,0,1,1,/data/data2/TuJiajun/A1-smoke-r4/YOLO-Master/configs/a1/p1_pretrained/pilot_data/images/val2017/000000150930.jpg,0.6531766653060913,1
1,0,0,0,0,0,0,2,/data/data2/TuJiajun/A1-smoke-r4/YOLO-Master/configs/a1/p1_pretrained/pilot_data/images/val2017/000000079014.jpg,0.7340688109397888,1
1,1,1,0,0,0,0,3,/data/data2/TuJiajun/A1-smoke-r4/YOLO-Master/configs/a1/p1_pretrained/pilot_data/images/val2017/000000262440.jpg,1.3541406393051147,2
0,1,0,0,0,1,0,3,/data/data2/TuJiajun/A1-smoke-r4/YOLO-Master/configs/a1/p1_pretrained/pilot_data/images/val2017/000000328601.jpg,2.842859923839569,3
6,0,0,0,0,0,0,11,/data/data2/TuJiajun/A1-smoke-r4/YOLO-Master/configs/a1/p1_pretrained/pilot_data/images/val2017/000000146358.jpg,4.280162811279297,5
0,0,0,0,0,0,0,2,/data/data2/TuJiajun/A1-smoke-r4/YOLO-Master/configs/a1/p1_pretrained/pilot_data/images/val2017/000000327617.jpg,1.6661641001701355,2
2,1,0,0,0,0,1,4,/data/data2/TuJiajun/A1-smoke-r4/YOLO-Master/configs/a1/p1_pretrained/pilot_data/images/val2017/000000068078.jpg,1.7767451405525208,2
1,2,1,0,0,0,1,3,/data/data2/TuJiajun/A1-smoke-r4/YOLO-Master/configs/a1/p1_pretrained/pilot_data/images/val2017/000000221281.jpg,1.8403498530387878,2
